RSI,MACD,MACD_Hist,MACD_Signal,CCI,4. close,5. volume,bb_value,price
51.2715,-0.1519,0.0656,-0.2175,17.7448,83.5,12488,9,83.05
43.2771,-0.1628,0.0438,-0.2066,-92.1569,83.2,6361,-79,83
39.9951,-0.1815,0.0201,-0.2016,-206.4536,83.05,4505,-117,82.75
38.9583,-0.1981,0.0028,-0.2009,-184.7054,83,4623,-111,82.55
34.2815,-0.2287,-0.0223,-0.2064,-233.8862,82.75,8751,-139,82.6
31.1341,-0.2661,-0.0477,-0.2184,-253.6786,82.55,5451,-139,82.6013
32.7586,-0.2884,-0.056,-0.2324,-206.2085,82.6,6503,-106,82.1
32.802,-0.3024,-0.056,-0.2464,-149.035,82.6013,2043,-92,82
25.994,-0.35,-0.0829,-0.2671,-188.6177,82.1,8744,-128,82
24.9085,-0.3912,-0.0993,-0.2919,-179.5526,82,5370,-113,81.75
24.9085,-0.4191,-0.1017,-0.3173,-154.3605,82,9060,-96,81.7
22.3258,-0.4561,-0.111,-0.3451,-154.0228,81.75,709,-100,81.75
21.8489,-0.4838,-0.111,-0.3728,-143.4894,81.7,3265,-90,81.75
23.5677,-0.4961,-0.0986,-0.3975,-121.5966,81.75,2456,-76,81.25
23.5677,-0.5,-0.082,-0.418,-103.2742,81.75,946,-68,81.05
18.9499,-0.5373,-0.0955,-0.4419,-133.3508,81.25,2491,-91,80.7
17.5057,-0.5764,-0.1076,-0.4688,-141.352,81.05,3741,-92,81.1
15.3506,-0.6283,-0.1276,-0.5007,-150.4639,80.7,9863,-99,81
26.27,-0.6299,-0.1034,-0.5265,-124.506,81.1,3199,-67,81.4
25.4075,-0.632,-0.0844,-0.5476,-106.6281,81,502,-67,81.5
34.4667,-0.5945,-0.0375,-0.557,-72.4043,81.4,2088,-38,81.8
36.4963,-0.5504,0.0053,-0.5557,-44.3361,81.5,2017,-27,81.8
42.1538,-0.4856,0.056,-0.5417,-11.4497,81.8,5925,-1,82.15
42.1538,-0.4293,0.0899,-0.5192,9.94,81.8,4084,3,82.25
48.1276,-0.3524,0.1334,-0.4858,58.2547,82.15,1352,40,82.3
49.6902,-0.2802,0.1645,-0.4447,89.8422,82.25,2529,53,82.3
50.4754,-0.2164,0.1827,-0.399,94.4588,82.3,763,62,82.2
50.4754,-0.1639,0.1881,-0.352,108.5066,82.3,1098,67,82.2
48.7879,-0.129,0.1784,-0.3074,96.7478,82.2,940,55,81.9
48.7879,-0.1001,0.1659,-0.2659,93.1178,82.2,1562,53,81.65
43.9087,-0.1003,0.1325,-0.2328,48.7669,81.9,3175,22,81.75
40.3673,-0.1192,0.0909,-0.2101,-8.8528,81.65,304,-3,82
42.3258,-0.1247,0.0683,-0.193,-0.3946,81.75,1729,6,81.9513
46.9141,-0.1076,0.0683,-0.1759,31.4298,82,711,31,82.05
46.1611,-0.0969,0.0632,-0.1601,32.2536,81.9513,1172,25,82.0034
47.9437,-0.0796,0.0645,-0.144,54.8533,82.05,1725,31,82.2
47.1675,-0.0688,0.0602,-0.129,42.3211,82.0034,3120,22,82.2
50.7109,-0.0438,0.0681,-0.1119,61.5458,82.2,9809,43,82.2
50.7109,-0.0238,0.0705,-0.0943,60.5241,82.2,196,40,82.5
50.7109,-0.0079,0.0692,-0.077,64.142,82.2,755,40,82.65
55.9672,0.0287,0.0846,-0.0559,107.9838,82.5,1787,92,82.75
58.3073,0.0689,0.0999,-0.0309,170.8429,82.65,3083,111,82.6
59.8062,0.1077,0.1109,-0.0032,174.6702,82.75,786,109,82.6
56.5935,0.1248,0.1024,0.0224,141.1986,82.6,1044,73,82.65
56.5935,0.1368,0.0915,0.0453,114.9819,82.6,700,66,83
57.438,0.1487,0.0827,0.066,115.2904,82.65,4647,68,83.403
62.7743,0.1842,0.0946,0.0896,155.579,83,8945,104,83.5
67.6849,0.242,0.122,0.1201,192.3801,83.403,7348,126,83.4
68.73,0.2924,0.1378,0.1545,192.6012,83.5,6424,111,83.5
66.3997,0.3205,0.1327,0.1877,149.0488,83.4,5007,87,83.5
67.5576,0.3468,0.1273,0.2196,138.0588,83.5,698,84,83.5
67.5576,0.3635,0.1152,0.2483,129.8867,83.5,1542,76,83.5
67.5576,0.3725,0.0993,0.2732,115.5038,83.5,12545,69,83.7
67.5576,0.3752,0.0816,0.2936,100.5428,83.5,2664,63,83.7531
70.0886,0.3891,0.0764,0.3127,100.7788,83.7,3187,73,83.9
70.7269,0.3997,0.0696,0.3301,114.82,83.7531,16851,70,83.9
72.4395,0.4152,0.0681,0.3471,102.9576,83.9,1879,76,83.9027
72.4395,0.4226,0.0604,0.3622,90.4441,83.9,733,69,83.75
72.4723,0.4238,0.0493,0.3745,91.3212,83.9027,10199,64,83.85
67.6776,0.4078,0.0266,0.3812,81.6771,83.75,1513,46,83.8
69.0874,0.3985,0.0139,0.3846,75.199,83.85,0,52,83.8
67.5371,0.3827,-0.0015,0.3843,74.8271,83.8,815,42,83.85
67.5371,0.366,-0.0146,0.3806,75.3437,83.8,1243,38,83.85
68.3247,0.3527,-0.0223,0.375,80.4448,83.85,478,41,83.8
68.3247,0.3383,-0.0294,0.3677,66.8735,83.85,196,39,83.8
66.5361,0.3191,-0.0388,0.358,66.7023,83.8,1139,30,83.6
66.5361,0.3005,-0.046,0.3465,56.3636,83.8,213,29,83.6
59.6183,0.2665,-0.064,0.3305,-20.1208,83.6,1938,-33,83.55
59.6183,0.2368,-0.0749,0.3118,-55.3582,83.6,339,-35,83.6
57.9495,0.2069,-0.0839,0.2908,-72.567,83.55,477,-58,83.6
59.1531,0.1851,-0.0845,0.2696,-54.4001,83.6,796,-44,83.55
59.1531,0.1659,-0.083,0.2489,-78.503,83.6,229,-48,83.8
57.3348,0.145,-0.0831,0.2281,-75.6871,83.55,537,-70,83.6
63.2765,0.1469,-0.065,0.2119,-23.2025,83.8,454,21,83.6
56.6345,0.1307,-0.0649,0.1956,-61.1744,83.6,857,-58,83.8
56.6345,0.1166,-0.0632,0.1798,-65.0631,83.6,697,-53,83.55
61.1528,0.1201,-0.0477,0.1679,-26.3019,83.8,431,28,83.05
53.7802,0.1016,-0.053,0.1546,-118.0106,83.55,876,-66,83.1
42.8933,0.0461,-0.0869,0.1329,-277.8578,83.05,3149,-170,83.15
44.0847,0.006,-0.1015,0.1075,-284.5633,83.1,916,-122,83
45.2864,-0.0215,-0.1032,0.0817,-207.904,83.15,455,-95,83.1
42.4084,-0.0547,-0.1092,0.0544,-198.2906,83,1494,-105,82.8
44.8671,-0.0722,-0.1013,0.0291,-156.606,83.1,1176,-76,83.0014
39.5368,-0.109,-0.1105,0.0015,-155.6108,82.8,1105,-108,82.85
44.2198,-0.1205,-0.0976,-0.0229,-110.9861,83.0014,355,-68,83
41.6661,-0.1402,-0.0938,-0.0463,-108.8084,82.85,355,-81,82.9033
44.9798,-0.1421,-0.0766,-0.0655,-83.6283,83,267,-53,82.8
43.3103,-0.1496,-0.0673,-0.0823,-80.7205,82.9033,914,-61,82.7
41.5751,-0.1621,-0.0638,-0.0983,-98.9439,82.8,171,-68,82.75
39.9442,-0.178,-0.0638,-0.1142,-96.7611,82.7,402,-74,82.7
41.159,-0.1844,-0.0562,-0.1283,-83.4716,82.75,533,-60,82.7
40.3009,-0.1914,-0.0505,-0.1409,-97.8786,82.7,813,-60,82.7
40.3009,-0.1946,-0.043,-0.1516,-93.3685,82.7,319,-55,82.6
40.3009,-0.195,-0.0347,-0.1603,-90.891,82.7,349,-51,82.6
38.432,-0.201,-0.0325,-0.1684,-107.2972,82.6,250,-61,82.7
38.432,-0.2034,-0.028,-0.1754,-104.6638,82.6,346,-57,82.7026
41.441,-0.195,-0.0157,-0.1793,-89.8393,82.7,651,-41,82.6
41.5194,-0.186,-0.0053,-0.1807,-62.3469,82.7026,496,-41,82.55
39.3366,-0.185,-0.0035,-0.1815,-88.4441,82.6,591,-63,82.55
38.3037,-0.1861,-0.0036,-0.1824,-127.8596,82.55,310,-71,82.6
38.3037,-0.1848,-0.0019,-0.1829,-127.12,82.55,238,-67,82.8
40.048,-0.1777,0.0041,-0.1819,-68.4523,82.6,340,-47,82.9
46.426,-0.1542,0.0221,-0.1764,-15.8612,82.8,1529,26,82.85
49.2667,-0.1261,0.0402,-0.1663,68.682,82.9,376,60,82.8
47.929,-0.1065,0.0478,-0.1543,77.3646,82.85,490,49,83
46.5975,-0.094,0.0483,-0.1423,39.0511,82.8,239,30,82.85
52.1904,-0.0672,0.0601,-0.1273,142.4486,83,372,112,82.9
48.2046,-0.0574,0.0559,-0.1133,101.6361,82.85,319,53,82.9
49.5564,-0.045,0.0546,-0.0996,107.1514,82.9,247,69,82.9
49.5564,-0.0349,0.0518,-0.0867,126.525,82.9,2852,62,82.95
49.5564,-0.0265,0.0482,-0.0746,114.2065,82.9,2224,57,82.9
51.0463,-0.0156,0.0472,-0.0628,108.1344,82.95,785,68,82.7016
49.5071,-0.0109,0.0415,-0.0525,87.3671,82.9,416,46,82.6
43.9688,-0.023,0.0236,-0.0466,-2.5169,82.7016,8710,-23,82.6
41.4682,-0.0402,0.0051,-0.0453,-76.2588,82.6,0,-58,82.6
41.4682,-0.0533,-0.0064,-0.0469,-67.5735,82.6,990,-58,82.6
41.4682,-0.0629,-0.0128,-0.0501,-100.3892,82.6,147,-55,82.65
41.4682,-0.0698,-0.0157,-0.054,-67.0571,82.6,325,-52,82.55
43.4128,-0.0703,-0.013,-0.0573,-49.8324,82.65,326,-36,82.55
40.5751,-0.0779,-0.0165,-0.0614,-105.6216,82.55,304,-70,82.6
40.5751,-0.083,-0.0173,-0.0657,-100.0418,82.55,816,-70,82.5
42.6518,-0.0821,-0.0131,-0.069,-73.6214,82.6,255,-53,82.5
39.7287,-0.0884,-0.0155,-0.0729,-105.7327,82.5,260,-77,82.5
39.7287,-0.0923,-0.0155,-0.0768,-94.0286,82.5,259,-68,82.3
39.7287,-0.0943,-0.014,-0.0803,-113.7067,82.5,237,-61,82.25
34.2528,-0.1108,-0.0244,-0.0864,-142.3316,82.3,2102,-101,82.3034
33.0538,-0.1264,-0.032,-0.0944,-172.5637,82.25,431,-101,82.25
35.5884,-0.133,-0.0309,-0.1021,-142.9574,82.3034,1291,-77,82.2
34.2244,-0.1408,-0.031,-0.1098,-154.9105,82.25,555,-80,82.2
32.9786,-0.1494,-0.0316,-0.1177,-140.0387,82.2,598,-83,82.2
32.9786,-0.1544,-0.0293,-0.1251,-134.9462,82.2,223,-76,82.1
32.9786,-0.1565,-0.0252,-0.1314,-105.7253,82.2,483,-72,82.15
30.3977,-0.1644,-0.0264,-0.138,-139.9499,82.1,1452,-91,82.3
33.1514,-0.1647,-0.0214,-0.1433,-122.6121,82.15,249,-70,82.1
40.5754,-0.1511,-0.0062,-0.1449,-75.7222,82.3,414,-26,82.05
35.1037,-0.1547,-0.0079,-0.1468,-80.6942,82.1,570,-73,81.95
33.9008,-0.1597,-0.0103,-0.1494,-102.5646,82.05,1810,-77,82
31.6194,-0.1698,-0.0163,-0.1535,-118.38,81.95,4900,-91,81.9
33.9585,-0.1718,-0.0146,-0.1572,-112.1286,82,477,-72,81.75
31.6774,-0.1794,-0.0178,-0.1616,-150.0977,81.9,8073,-87,81.75
28.6397,-0.1952,-0.0269,-0.1683,-196.3073,81.75,158,-106,81.85
28.6397,-0.2054,-0.0297,-0.1758,-167.1481,81.75,632,-96,81.9
33.3601,-0.2031,-0.0219,-0.1812,-135.3826,81.85,874,-66,81.75
35.6023,-0.195,-0.011,-0.184,-99.7944,81.9,642,-50,81.8
32.183,-0.1984,-0.0115,-0.1869,-116.5316,81.75,2531,-82,81.75
34.394,-0.1948,-0.0063,-0.1884,-86.2186,81.8,97,-62,81.8526
33.2528,-0.1937,-0.0042,-0.1895,-88.8028,81.75,2173,-68,81.75
37.7163,-0.1825,0.0056,-0.1881,-60.0011,81.8526,329,-37,81.8
35.236,-0.1798,0.0066,-0.1864,-85.1041,81.75,36,-59,81.75
37.3496,-0.1717,0.0118,-0.1835,-65.6131,81.8,463,-41,81.8
36.1091,-0.1673,0.0129,-0.1802,-73.5188,81.75,637,-50,82
38.2673,-0.158,0.0178,-0.1758,-40.1956,81.8,978,-32,82.0026
45.9536,-0.133,0.0343,-0.1672,-3.125,82,437,33,81.85
46.0456,-0.1116,0.0445,-0.1561,41.3554,82.0026,173,38,81.9
41.6669,-0.1058,0.0402,-0.1461,-31.4132,81.85,78,-8,82
43.5194,-0.0961,0.04,-0.1361,29.1274,81.9,289,21,82
47.0588,-0.0793,0.0454,-0.1247,73.266,82,981,77,82.0022
47.0588,-0.0653,0.0475,-0.1128,100.2152,82,0,73,82
47.1395,-0.0535,0.0475,-0.101,161.1386,82.0022,1672,74,82.1
47.0639,-0.0437,0.0458,-0.0895,84.2251,82,4063,67,82.15
52.5257,-0.0236,0.0527,-0.0763,220.8217,82.1,117,93,82.45
52.5257,-0.0076,0.055,-0.0626,193.8258,82.15,142,98,82.6
61.3602,0.029,0.0732,-0.0443,287.3012,82.45,454,150,82.25
64.8072,0.0693,0.0908,-0.0216,280.984,82.6,1859,140,82.3
53.1597,0.0721,0.0749,-0.0028,147.566,82.25,425,56,82.3
54.3924,0.0775,0.0643,0.0132,118.1388,82.3,61,60,82.25
54.3924,0.0809,0.0541,0.0268,105.5781,82.3,159,55,82.3534
52.8513,0.0786,0.0415,0.0371,63.7203,82.25,113,40,82.3
55.5902,0.0841,0.0376,0.0465,91.0676,82.3534,931,56,82
53.8885,0.0833,0.0294,0.0539,56.8138,82.3,613,40,82.15
45.6281,0.0577,0.0031,0.0547,-51.5582,82,5076,-32,82.05
49.6872,0.049,-0.0045,0.0535,-5.675,82.15,1925,0,82
47.2138,0.0336,-0.0159,0.0495,-22.051,82.05,622,-27,82.1
46.0083,0.0172,-0.0258,0.0431,-42.8354,82,270,-40,82.3
48.7623,0.0122,-0.0247,0.0369,-36.4563,82.1,537,-18,82.15
53.731,0.024,-0.0103,0.0343,25.758,82.3,3188,34,82.15
49.91,0.021,-0.0106,0.0317,13.4624,82.15,353,-13,82.15
49.91,0.0185,-0.0105,0.029,-7.5944,82.15,250,-15,82.05
49.91,0.0163,-0.0102,0.0265,-37.2739,82.15,223,-19,82.1
47.2949,0.0064,-0.0161,0.0225,-79.4304,82.05,351,-54,82.1
48.7093,0.0025,-0.0159,0.0185,-60.3282,82.1,444,-36,82.05
48.7093,-0.0005,-0.0152,0.0147,-50.4776,82.1,829,-34,82.35
47.3027,-0.0069,-0.0172,0.0104,-70.6669,82.05,241,-47,83.0014
55.4315,0.0121,0.0014,0.0107,65.3594,82.35,1794,77,83
67.049,0.0789,0.0545,0.0244,288.1778,83.0014,9370,184,83.05
67.0095,0.1301,0.0846,0.0455,318.0818,83,2471,137,82.85
67.7246,0.1728,0.1019,0.071,245.6216,83.05,1559,117,83.0026
62.0603,0.1883,0.0939,0.0944,149.5351,82.85,435,77,82.8
64.4484,0.2105,0.0929,0.1177,137.2441,83.0026,407,86,82.55
59.2376,0.2093,0.0733,0.136,96.7423,82.8,557,54,82.6
53.6076,0.1861,0.0401,0.146,40.8937,82.55,511,19,82.6
54.5176,0.1697,0.019,0.1508,29.971,82.6,225,23,82.6
54.5176,0.155,0.0034,0.1516,25.7109,82.6,370,20,82.55
54.5176,0.1417,-0.008,0.1496,24.4969,82.6,216,16,82.7535
53.2983,0.1256,-0.0192,0.1448,13.2474,82.55,319,7,82.75
57.3822,0.1279,-0.0136,0.1414,46.627,82.7535,1407,32,82.75
57.2915,0.1279,-0.0108,0.1387,45.4155,82.75,225,28,82.9
58.2831,0.1304,-0.0066,0.1371,60.441,82.75,787,24,82.95
60.2271,0.1389,0.0015,0.1374,77.964,82.9,4974,42,82.85
61.1792,0.148,0.0084,0.1395,87.7143,82.95,1287,46,83.05
58.2438,0.1454,0.0047,0.1407,64.8397,82.85,285,25,83.2514
62.0748,0.1577,0.0136,0.1441,80.7119,83.05,701,59,83.25
65.4361,0.1816,0.03,0.1516,130.3981,83.2514,1948,101,83.25
65.3937,0.1981,0.0372,0.1609,169.5914,83.25,731,93,83.4
65.3937,0.2088,0.0383,0.1705,137.1009,83.25,341,84,83.55
67.8662,0.2268,0.045,0.1817,159.9009,83.4,3446,101,83.5
70.1138,0.2502,0.0548,0.1954,185.9851,83.55,1757,110,83.5
68.4342,0.2618,0.0531,0.2087,147.0954,83.5,1098,87,83.25
68.4342,0.2678,0.0473,0.2205,125.116,83.5,970,78,83.3031
60.4163,0.2496,0.0232,0.2263,73.0694,83.25,772,37,83.4
61.4267,0.2367,0.0083,0.2284,58.8193,83.3031,783,41,83.3
63.2297,0.2316,0.0026,0.229,62.3803,83.4,5203,50,83.25
60.1744,0.217,-0.0096,0.2266,56.4906,83.3,298,31,83.4
58.6819,0.1991,-0.022,0.2211,34.9448,83.25,238,19,83.25
61.683,0.1948,-0.0211,0.2159,47.8672,83.4,1337,42,83.3
57.3019,0.1772,-0.0309,0.2081,11.006,83.25,167,8,83.3
58.3401,0.1654,-0.0342,0.1996,35.2847,83.3,277,15,83.65
58.3401,0.1543,-0.0362,0.1905,29.7937,83.3,552,10,83.7
64.9503,0.1717,-0.015,0.1868,178.7224,83.65,5889,94,83.6
65.767,0.1874,0.0005,0.1869,193.1895,83.7,343,96,83.65
62.6913,0.1896,0.0022,0.1874,129.1133,83.6,705,70,83.6
63.5876,0.1931,0.0046,0.1886,150.5821,83.65,2923,80,83.5031
62.0193,0.1897,0.0009,0.1888,96.7852,83.6,323,57,83.5
59.0484,0.1772,-0.0093,0.1865,39.257,83.5031,457,23,83.5
58.9533,0.165,-0.0171,0.1822,32.7803,83.5,428,18,83.5
58.9533,0.1537,-0.0228,0.1765,44.4094,83.5,314,17,83.5
58.9533,0.143,-0.0268,0.1698,13.7225,83.5,827,18,83.55
58.9533,0.133,-0.0294,0.1624,44.4095,83.5,520,18,83.65
60.222,0.1277,-0.0278,0.1555,49.7544,83.55,389,34,83.5
62.6521,0.13,-0.0204,0.1504,52.7368,83.65,552,62,83.3
57.1402,0.1184,-0.0256,0.144,32.3528,83.5,474,7,83.25
50.8603,0.092,-0.0416,0.1336,-72.4358,83.3,1169,-60,83.2
49.4306,0.0663,-0.0539,0.1201,-103.5609,83.25,644,-75,83.15
48.0099,0.0414,-0.063,0.1044,-119.2556,83.2,2809,-89,83.2
46.6004,0.0174,-0.0696,0.087,-157.9475,83.15,258,-92,83.5
48.2012,0.0024,-0.0677,0.0701,-130.7444,83.2,242,-75,83.25
56.4481,0.0146,-0.0444,0.059,-43.1382,83.5,2966,10,83.25
49.5308,0.004,-0.044,0.048,-80.9365,83.25,223,-63,83.3
49.5308,-0.0044,-0.0419,0.0375,-77.7576,83.25,226,-56,83.4
50.8652,-0.0068,-0.0355,0.0286,-55.5094,83.3,299,-38,83.4
53.4558,-0.0007,-0.0235,0.0228,-42.5217,83.4,455,-4,83.45
53.4558,0.004,-0.015,0.019,3.8344,83.4,335,0,83.4
54.7767,0.0117,-0.0058,0.0176,19.2692,83.45,1230,20,83.25
53.1878,0.0136,-0.0031,0.0168,13.3338,83.4,392,4,83.25
48.7243,0.003,-0.011,0.014,-68.6573,83.25,310,-45,83.3533
48.7243,-0.0053,-0.0155,0.0102,-53.0421,83.25,371,-41,83.05
51.8102,-0.0036,-0.011,0.0074,-25.7165,83.3533,371,0,83.1
43.6849,-0.0264,-0.027,0.0007,-168.1962,83.05,2884,-97,83.05
45.1767,-0.0399,-0.0325,-0.0075,-127.348,83.1,959,-73,83
43.9511,-0.0541,-0.0373,-0.0168,-170.001,83.05,837,-87,83
42.7307,-0.0686,-0.0414,-0.0271,-175.0825,83,254,-94,83.1514
42.7307,-0.0791,-0.0416,-0.0375,-102.674,83,388,-82,83.05
47.6112,-0.0744,-0.0295,-0.0449,-55.4448,83.1514,236,-28,83.05
44.9129,-0.0779,-0.0264,-0.0515,-99.4098,83.05,228,-58,83.3033
44.9129,-0.0798,-0.0227,-0.0572,-101.2302,83.05,244,-55,83.3026
52.3827,-0.0602,-0.0024,-0.0578,-12.1142,83.3033,1430,23,83.2
52.362,-0.0442,0.0109,-0.0551,44.8382,83.3026,810,29,82.85
49.3592,-0.0393,0.0126,-0.0519,5.8186,83.2,2154,-5,83
40.9306,-0.063,-0.0089,-0.0541,-137.4247,82.85,681,-104,83.2
45.1556,-0.0688,-0.0118,-0.0571,-127.373,83,1064,-53,83.25
50.1588,-0.0567,0.0003,-0.057,-27.2593,83.2,4057,9,83.3
51.3274,-0.0425,0.0116,-0.0541,62.7052,83.25,1499,28,83.4
52.4997,-0.027,0.0217,-0.0487,95.9341,83.3,1631,50,83.4
54.7918,-0.0065,0.0337,-0.0402,134.2286,83.4,2075,85,83.4527
54.7918,0.0096,0.0399,-0.0303,130.3523,83.4,373,78,83.3
56.0308,0.0264,0.0453,-0.0189,142.7387,83.4527,1509,85,83.35
51.7086,0.027,0.0367,-0.0098,96.0935,83.3,1300,40,83.35
52.9592,0.0311,0.0327,-0.0016,85.751,83.35,265,50,83.35
52.9592,0.034,0.0285,0.0055,90.0913,83.35,678,46,83.4
52.9592,0.0359,0.0243,0.0116,48.9635,83.35,540,41,83.35
54.3386,0.041,0.0235,0.0175,98.7172,83.4,1670,51,83.35
52.7116,0.0405,0.0184,0.0221,42.2619,83.35,343,32,83.6
52.7116,0.0397,0.0141,0.0256,31.2419,83.35,258,29,83.7
59.4398,0.0585,0.0263,0.0322,113.558,83.6,2082,95,83.6
61.7323,0.0806,0.0387,0.0419,172.5557,83.7,879,107,83.7
58.2657,0.0889,0.0377,0.0513,125.5638,83.6,588,70,83.75
60.595,0.1025,0.041,0.0615,159.3551,83.7,3089,85,83.85
61.7195,0.1159,0.0435,0.0724,154.9017,83.75,4651,84,83.75
63.8889,0.1331,0.0485,0.0845,183.7698,83.85,3712,102,83.75
60.2922,0.137,0.042,0.095,131.7302,83.75,315,74,83.8
60.2922,0.1386,0.0348,0.1037,120.7693,83.75,1358,67,83.75
61.4933,0.1422,0.0308,0.1114,117.0234,83.8,3052,72,83.7
59.5958,0.1394,0.0224,0.117,79.3575,83.75,321,54,83.65
57.721,0.1317,0.0117,0.12,65.3169,83.7,464,36,83.85
55.8711,0.1201,0.0001,0.12,27.7115,83.65,433,20,83.65
61.1183,0.1256,0.0045,0.1211,87.6928,83.85,9464,66,83.6
54.3194,0.1126,-0.0068,0.1194,35.8427,83.65,1477,10,83.3
52.7744,0.0971,-0.0179,0.115,1.9781,83.6,946,-7,83.4
44.7381,0.0599,-0.044,0.1039,-114.1624,83.3,4068,-93,83.4
47.541,0.0381,-0.0527,0.0908,-131.1336,83.4,661,-66,83.4
47.541,0.0205,-0.0562,0.0767,-109.2828,83.4,0,-66,83.4
47.541,0.0065,-0.0561,0.0627,-111.6864,83.4,136,-68,83.4
47.541,-0.0045,-0.0537,0.0493,-115.4297,83.4,122,-71,83.5
47.541,-0.0131,-0.0499,0.0368,-93.0931,83.4,1380,-65,83.4
50.7681,-0.0117,-0.0388,0.0271,-69.2092,83.5,1670,-32,83.55
47.6806,-0.0184,-0.0364,0.018,-75.0333,83.4,3421,-56,83.7
52.2645,-0.0115,-0.0236,0.0121,-31.4314,83.55,539,-12,83.5
56.295,0.006,-0.0049,0.0109,4.4591,83.7,570,31,83.75
50.3305,0.0036,-0.0058,0.0094,-37.8381,83.5,41,-22,83.6
56.4077,0.0217,0.0099,0.0119,45.0657,83.75,1324,54,83.4
52.3614,0.0237,0.0094,0.0142,28.007,83.6,131,11,83.7
47.572,0.009,-0.0042,0.0132,-29.5064,83.4,1417,-47,83.5027
48.8042,0.0014,-0.0095,0.0108,-50.2303,83.7,1453,58,83.4
50.1055,-0.0004,-0.009,0.0086,23.4054,83.5027,1647,-6,83.6
47.6227,-0.01,-0.0149,0.0049,-54.6898,83.4,0,-38,83.6
52.4524,-0.0014,-0.005,0.0036,20.4159,83.6,1101,44,83.65
52.4524,0.0053,0.0013,0.0039,56.5539,83.6,115,46,83.6522
53.6367,0.0145,0.0084,0.006,111.385,83.65,235,65,83.5
53.6901,0.0217,0.0125,0.0092,104.4001,83.6522,72,61,83.6
49.5337,0.015,0.0046,0.0103,-14.1529,83.5,85,-7,83.653
52.0984,0.0175,0.0057,0.0118,66.0872,83.6,3127,33,83.6
53.4191,0.0235,0.0094,0.0141,115.013,83.653,455,52,83.6
51.9124,0.0237,0.0077,0.016,47.0982,83.6,46,23,83.65
51.9124,0.0236,0.0061,0.0175,56.8049,83.6,336,20,83.7
53.2896,0.0272,0.0078,0.0195,82.656,83.65,2915,41,83.55
54.6563,0.0338,0.0114,0.0223,76.4677,83.7,2809,61,83.7522
50.033,0.0265,0.0034,0.0232,-52.0712,83.55,6544,-17,83.7016
55.3878,0.0367,0.0108,0.0259,122.5445,83.7522,2862,84,84.15
53.8671,0.0402,0.0115,0.0287,132.6172,83.7016,1217,52,84.1
63.2729,0.0783,0.0396,0.0386,336.791,84.15,6238,173,84.05
61.794,0.1032,0.0516,0.0516,311.035,84.1,3567,122,84.15
60.3104,0.1176,0.0528,0.0648,206.8431,84.05,263,95,84.6534
62.2201,0.1355,0.0566,0.0789,184.2347,84.15,839,101,85
69.8958,0.1881,0.0874,0.1007,230.2561,84.6534,13045,151,85
73.7596,0.2548,0.1233,0.1316,241.3333,85,23324,149,85
73.7596,0.3042,0.1381,0.1661,209.4551,85,11808,118,85.1
73.7596,0.3395,0.1387,0.2008,172.2399,85,3803,100,85
74.846,0.3712,0.1363,0.2348,149.1664,85.1,7205,93,85.75
71.7204,0.3838,0.1192,0.2646,122.0591,85,4973,75,86.8
78.7323,0.4492,0.1476,0.3015,159.3633,85.75,17081,114,87.3528
84.4239,0.579,0.222,0.357,206.9456,86.8,37785,141,86.75
85.5941,0.6983,0.273,0.4253,223.5062,87.3528,29492,137,86.7028
78.3724,0.7557,0.2643,0.4914,174.8459,86.75,31542,92,86.9
77.4521,0.7882,0.2375,0.5507,134.1845,86.7028,8879,79,87.9
78.5593,0.8205,0.2158,0.6047,122.4848,86.9,5042,78,87.5
83.0122,0.9162,0.2492,0.667,143.1566,87.9,17331,102,87.5033
76.3369,0.9488,0.2255,0.7233,122.6432,87.5,5187,77,87.3531
76.3534,0.9638,0.1924,0.7714,108.425,87.5033,3967,69,87.1014
73.8831,0.9526,0.1449,0.8077,81.6015,87.3531,8015,58,87.0028
69.8944,0.9129,0.0842,0.8287,62.4505,87.1014,13078,44,86.1536
68.3723,0.8635,0.0278,0.8357,54.3042,87.0028,7254,36,87.3
57.0993,0.7472,-0.0707,0.818,5.5652,86.1536,1097939,-3,87.65
65.2427,0.7391,-0.0631,0.8022,63.2325,87.3,27838,44,87.7
67.2411,0.7522,-0.04,0.7922,79.8556,87.65,7764,56,87.65
67.5219,0.7579,-0.0275,0.7853,85.7207,87.7,13336,54,88.2
66.9182,0.7497,-0.0285,0.7782,81.7521,87.65,5712,47,88
70.0221,0.7786,0.0003,0.7783,114.9707,88.2,12527,73,88
67.5945,0.7765,-0.0015,0.7779,120.4841,88,6258,59,87.85
67.5945,0.7659,-0.0096,0.7755,111.4817,88,1332,60,87.9023
65.7015,0.737,-0.0308,0.7678,85.2507,87.85,6440,47,87.9
66.0505,0.71,-0.0462,0.7563,84.2111,87.9023,2376,47,87.8
66.0194,0.6807,-0.0605,0.7411,73.1588,87.9,404,42,87.8
64.6271,0.642,-0.0794,0.7213,62.7757,87.8,1370,29,87.75
64.6271,0.6043,-0.0936,0.6979,50.7647,87.8,2389,25,87.7028
63.8807,0.5639,-0.1072,0.6711,36.3998,87.75,746,16,87.8
63.1559,0.5221,-0.1192,0.6413,22.2677,87.7028,4268,12,87.8
64.0404,0.4911,-0.1202,0.6113,19.1755,87.8,1442,21,87.65
64.0403,0.4612,-0.12,0.5813,38.5871,87.8,1494,20,88.0023
61.5154,0.4206,-0.1285,0.5491,27.2222,87.65,4040,1,87.9
64.9335,0.4121,-0.1096,0.5217,63.86,88.0023,1346,37,88.2
63.2173,0.3926,-0.1033,0.4959,76.7432,87.9,5141,21,87.95
65.9919,0.3967,-0.0793,0.4761,130.6856,88.2,3913,93,87.85
61.8963,0.3755,-0.0804,0.456,52.7905,87.95,2169,27,87.8
60.32,0.3467,-0.0874,0.4341,11.1657,87.85,2961,-6,88
59.5223,0.3161,-0.0944,0.4105,-14.8154,87.8,5660,-25,87.9
61.6575,0.3045,-0.0848,0.3893,21.0305,88,2189,37,87.8
59.9919,0.284,-0.0843,0.3682,3.1848,87.9,602,8,87.55
58.3332,0.2567,-0.0892,0.3459,-14.6907,87.8,6468,-28,87.6
54.3767,0.2124,-0.1068,0.3192,-170.5374,87.55,2024,-109,87.9
55.0189,0.1793,-0.1119,0.2913,-121.5257,87.6,1872,-80,87.7
58.6919,0.1753,-0.0928,0.2681,-23.4747,87.9,2792,23,87.65
55.5109,0.1542,-0.0911,0.2453,-104.7463,87.7,3420,-41,87.8
54.7305,0.1319,-0.0907,0.2226,-93.4152,87.65,1954,-54,88
56.6552,0.1249,-0.0782,0.203,-37.7186,87.8,815,-5,88
59.096,0.1339,-0.0553,0.1892,60.0812,88,2968,55,88.1
59.096,0.1395,-0.0398,0.1793,63.9577,88,1096,49,87.95
60.3335,0.1502,-0.0233,0.1735,134.3609,88.1,574,72,87.95
57.5828,0.1449,-0.0228,0.1678,74.8509,87.95,1519,25,88
57.5828,0.1392,-0.0229,0.162,49.9886,87.95,625,21,88
58.2852,0.1371,-0.02,0.157,76.5352,88,1046,37,88.1
58.2852,0.1338,-0.0186,0.1524,75.5751,88,308,35,88
59.7619,0.1378,-0.0117,0.1495,101.1346,88.1,405,71,88
57.615,0.1313,-0.0145,0.1458,77.5073,88,230,37,87.95
57.615,0.1247,-0.0169,0.1416,79.7106,88,673,34,87.9
56.4907,0.1142,-0.022,0.1361,55.5547,87.95,1440,16,87.8
55.3537,0.1006,-0.0284,0.129,17.5698,87.9,1089,2,88.0017
53.1035,0.0809,-0.0385,0.1194,-51.2125,87.8,1600,-27,88
56.8295,0.0806,-0.0311,0.1116,32.967,88.0017,317,33,88
56.7895,0.0793,-0.0259,0.1051,49.2299,88,373,29,87.8
56.7895,0.0774,-0.0222,0.0996,12.1642,88,320,25,87.8
52.0135,0.059,-0.0325,0.0915,-63.5512,87.8,310,-56,88
52.0135,0.044,-0.038,0.082,-115.0818,87.8,0,-62,88
56.104,0.0477,-0.0275,0.0751,11.9039,88,4411,23,88.1
56.104,0.05,-0.0201,0.0701,93.7229,88,1603,19,88.25
58.0835,0.0592,-0.0087,0.0679,163.3611,88.1,4249,72,88.7
60.8698,0.0777,0.0079,0.0699,263.7712,88.25,3608,124,88.7033
67.6586,0.1273,0.0459,0.0814,364.7001,88.7,10487,182,88.8
67.7019,0.1649,0.0668,0.0981,294.9926,88.7033,2871,135,88.6
68.9816,0.2002,0.0817,0.1185,225.7181,88.8,7276,122,88.7529
63.5038,0.2096,0.0729,0.1367,180.8106,88.6,18017,77,88.7
65.6959,0.2268,0.0721,0.1547,149.3983,88.7529,5106,88,88.55
64.2896,0.2335,0.063,0.1705,93.6828,88.7,2295,71,88.55
60.4288,0.2241,0.0429,0.1812,73.274,88.55,381,45,88.25
60.4288,0.2142,0.0264,0.1878,65.4204,88.55,6052,41,88.3
53.3311,0.18,-0.0062,0.1862,23.1868,88.25,2520,-1,88.35
54.2734,0.1552,-0.0248,0.18,31.906,88.3,3849,2,88.6
55.2249,0.138,-0.0336,0.1716,13.3065,88.35,829,6,88.75
59.6449,0.1428,-0.023,0.1659,55.5863,88.6,2856,39,88.4
62.0133,0.157,-0.0071,0.1641,76.2951,88.75,3121,56,88.5
54.2005,0.1384,-0.0206,0.159,12.4002,88.4,2200,0,88.65
55.8725,0.1302,-0.023,0.1532,18.9812,88.5,147,11,88.75
58.2776,0.1343,-0.0151,0.1494,42.9375,88.65,61,35,88.5
59.8145,0.1439,-0.0044,0.1483,86.9591,88.75,1605,51,88.5
54.5284,0.1299,-0.0148,0.1446,-4.9656,88.5,752,-9,88.5
54.5284,0.1174,-0.0218,0.1392,-28.1999,88.5,590,-16,88.5
54.5284,0.1063,-0.0263,0.1326,-40.4361,88.5,1074,-22,88
54.5284,0.0964,-0.029,0.1254,-69.4188,88.5,194,-19,87.95
44.8056,0.0476,-0.0622,0.1098,-291.1335,88,12743,-136,87.9517
43.9801,0.0049,-0.0839,0.0888,-278.287,87.95,605,-121,87.9
44.0171,-0.0285,-0.0939,0.0654,-199.7271,87.9517,1401,-101,88.05
43.1078,-0.0585,-0.0991,0.0406,-164.2171,87.9,316,-96,88.05
46.4842,-0.0693,-0.0879,0.0186,-115.6753,88.05,1039,-61,88
46.4842,-0.077,-0.0765,-0.0005,-86.8866,88.05,2563,-55,88.0037
45.4871,-0.0862,-0.0685,-0.0176,-86.7924,88,0,-58,88
45.578,-0.0921,-0.0595,-0.0325,-71.2609,88.0037,549,-53,88.05
45.4981,-0.0959,-0.0507,-0.0452,-79.024,88,0,-50,88.5
46.824,-0.0939,-0.0389,-0.0549,-61.0061,88.05,757,-38,88.2017
56.7832,-0.0553,-0.0003,-0.055,12.8439,88.5,1329,38,88.1
50.2201,-0.0482,0.0054,-0.0537,-5.7373,88.2017,1142,-8,88.25
48.22,-0.0503,0.0027,-0.053,-18.4984,88.1,138,-24,88.2
51.2353,-0.0393,0.0109,-0.0502,3.178,88.25,322,5,88.05
50.2093,-0.0343,0.0128,-0.0471,19.3963,88.2,4264,0,88
47.2234,-0.0419,0.0041,-0.046,-41.6488,88.05,768,-26,88.15
50.3326,-0.0354,0.0085,-0.0439,-5.1771,88,373,-37,87.85
49.5316,-0.0417,0.0021,-0.0438,27.6318,88.15,1741,13,87.9017
44.2359,-0.0618,-0.0144,-0.0474,-98.4442,87.85,3825,-78,87.75
45.2968,-0.0727,-0.0202,-0.0524,-113.9585,87.9017,464,-56,87.75
42.7827,-0.0925,-0.0321,-0.0605,-156.1997,87.75,156,-95,87.95
42.7827,-0.107,-0.0372,-0.0698,-168.3404,87.75,24,-86,87.95
47.0739,-0.1012,-0.0251,-0.0761,-65.257,87.95,226,-29,87.95
47.0739,-0.0955,-0.0155,-0.0799,-93.2186,87.95,335,-27,88.2
47.0739,-0.0899,-0.008,-0.0819,-52.7597,87.95,53,-26,88
52.2906,-0.0646,0.0139,-0.0785,38.6376,88.2,2937,42,87.95
48.283,-0.0599,0.0148,-0.0748,20.3933,88,587,-14,87.7
47.3284,-0.0596,0.0121,-0.0717,-22.169,87.95,902,-27,88
42.8679,-0.0786,-0.0055,-0.0731,-115.2737,87.7,825,-85,88.0028
48.9459,-0.0687,0.0035,-0.0722,-24.1505,88,38,-1,88
48.9992,-0.0599,0.0098,-0.0698,11.5747,88.0028,270,2,88
48.9454,-0.0526,0.0138,-0.0663,2.7276,88,24,3,87.95
48.9454,-0.0462,0.0161,-0.0623,88.2109,88,4822,7,88
47.9047,-0.0447,0.0141,-0.0588,-27.7455,87.95,119,-5,87.95
49.0451,-0.039,0.0158,-0.0548,9.2008,88,1433,14,88.1
47.9404,-0.0381,0.0134,-0.0515,3.5733,87.95,999,0,88.2
51.3972,-0.025,0.0212,-0.0462,88.4813,88.1,42,59,88.2
53.5611,-0.0065,0.0318,-0.0382,159.4206,88.2,501,96,87.75
53.5611,0.0081,0.0371,-0.029,182.3921,88.2,2500,84,87.65
43.831,-0.0164,0.01,-0.0265,-35.5455,87.75,1288,-76,87.8035
42.0443,-0.0434,-0.0136,-0.0299,-186.9475,87.65,1454,-103,88.1028
45.6256,-0.0519,-0.0176,-0.0343,-132.387,87.8035,4741,-54,88.2
51.7457,-0.034,0.0002,-0.0342,4.1381,88.1028,3679,43,87.95
53.5336,-0.0119,0.0179,-0.0297,115.7675,88.2,2376,67,87.7
48.653,-0.0144,0.0123,-0.0267,-2.9958,87.95,2485,-11,87.8
44.3929,-0.0361,-0.0075,-0.0286,-117.0305,87.7,1377,-80,87.85
46.3702,-0.0447,-0.0129,-0.0318,-102.9086,87.8,537,-45,87.85
47.3553,-0.047,-0.0121,-0.0348,-82.674,87.85,288,-28,87.9
47.3553,-0.0482,-0.0107,-0.0375,-68.0316,87.85,1660,-32,87.85
48.4056,-0.0446,-0.0057,-0.0389,-44.8814,87.9,0,-15,87.9
47.41,-0.0453,-0.0051,-0.0402,-57.1623,87.85,176,-28,87.8
48.5245,-0.0413,-0.0009,-0.0404,-52.1254,87.9,400,-11,87.8
46.4522,-0.0457,-0.0042,-0.0415,-80.7305,87.8,922,-38,87.65
46.4522,-0.0486,-0.0057,-0.0429,-64.9012,87.8,0,-36,87.75
43.3735,-0.0623,-0.0155,-0.0468,-112.6198,87.65,4317,-72,87.9
45.8901,-0.0644,-0.0141,-0.0503,-95.1111,87.75,883,-40,87.7
49.4382,-0.0533,-0.0024,-0.0509,-18.1931,87.9,192,5,87.7
45.2717,-0.06,-0.0072,-0.0527,-59.682,87.7,0,-50,87.85
45.2717,-0.0645,-0.0094,-0.0551,-102.4688,87.7,150,-47,87.9
48.8537,-0.0553,-0.0002,-0.0551,15.2448,87.85,205,5,87.9
50.002,-0.0435,0.0093,-0.0528,61.537,87.9,2536,20,87.8
50.002,-0.0338,0.0152,-0.049,43.0916,87.9,2826,18,87.95
47.6324,-0.0338,0.0122,-0.046,-7.0313,87.8,110,-16,87.9
51.278,-0.0214,0.0197,-0.041,115.7006,87.95,0,72,87.65
50.0554,-0.0154,0.0205,-0.0359,91.2713,87.9,5,46,87.85
44.4738,-0.0305,0.0043,-0.0349,-128.2728,87.65,728,-97,87.9
49.2402,-0.0261,0.007,-0.0331,31.5298,87.85,1,15,87.75
50.3616,-0.0183,0.0118,-0.0301,62.0363,87.9,64,42,87.75
47.0774,-0.0239,0.005,-0.0289,-68.8229,87.75,85,-38,87.9
47.0774,-0.0281,0.0006,-0.0287,-61.35,87.75,79,-35,87.8
50.6437,-0.0191,0.0077,-0.0268,80.7611,87.9,286,46,87.9
48.357,-0.0198,0.0056,-0.0254,-12.0458,87.8,0,-5,87.8
50.7002,-0.0121,0.0106,-0.0227,76.147,87.9,60,46,87.85
48.3891,-0.0139,0.007,-0.021,-17.0916,87.8,68,-8,87.95
49.5982,-0.0112,0.0078,-0.019,-8.6594,87.85,489,15,87.75
51.9674,-0.001,0.0144,-0.0154,105.0708,87.95,351,67,87.9
47.2878,-0.0089,0.0052,-0.0141,-83.5468,87.75,75,-45,87.95
50.7865,-0.0031,0.0088,-0.0119,63.7396,87.9,182,38,87.95
51.9065,0.0055,0.014,-0.0084,108.6724,87.95,0,63,87.95
51.9065,0.0122,0.0165,-0.0043,96.2084,87.95,137,57,87.8
51.9065,0.0173,0.0173,0,92.3821,87.95,10,55,87.9
48.0779,0.0092,0.0073,0.0019,-51.8498,87.8,177,-31,87.95
50.6332,0.0106,0.007,0.0036,42.934,87.9,100,25,87.95
51.8796,0.0156,0.0096,0.006,89.7415,87.95,537,55,87.95
51.8796,0.0194,0.0107,0.0087,84.5928,87.95,334,52,87.85
51.8796,0.0221,0.0107,0.0114,79.5246,87.95,98,51,87.8528
48.994,0.016,0.0037,0.0123,10.3077,87.85,78,-17,87.75
49.0775,0.0113,-0.0008,0.0121,1.732,87.8528,281,-13,87.9
46.1579,-0.0008,-0.0103,0.0095,-127.3016,87.75,10,-83,88
50.6658,0.0018,-0.0062,0.008,4.446,87.9,311,14,88.55
53.4034,0.0117,0.003,0.0087,94.8157,88,1139,79,88.2533
64.7336,0.0633,0.0436,0.0196,431.0907,88.55,9853,196,88.3
56.8799,0.0793,0.0477,0.0316,273.818,88.2533,3215,89,87.75
57.7296,0.0946,0.0504,0.0442,193.1311,88.3,877,88,87.95
46.3958,0.0617,0.014,0.0477,-19.8512,87.75,2955,-54,87.8
50.1424,0.0511,0.0028,0.0484,-37.302,87.95,544,-2,87.95
47.5203,0.0303,-0.0144,0.0448,-68.6058,87.8,210,-42,88
50.2584,0.0256,-0.0153,0.0409,-14.0354,87.95,0,-4,87.95
51.1527,0.0257,-0.0122,0.0379,-14.0341,88,1256,8,87.8
50.2026,0.0214,-0.0132,0.0346,-14.0355,87.95,14,-4,88
47.4214,0.0058,-0.023,0.0288,-75.4457,87.8,550,-41,87.95
51.2147,0.0096,-0.0154,0.025,11.7406,88,452,7,88
50.2604,0.0084,-0.0133,0.0217,-17.8185,87.95,145,-6,88
51.2173,0.0113,-0.0083,0.0196,8.9701,88,125,6,87.8
51.2173,0.0135,-0.0049,0.0184,-10.2703,88,179,5,87.85
47.1938,-0.0009,-0.0154,0.0145,-63.2117,87.8,1570,-44,87.8
48.2633,-0.0082,-0.0181,0.01,-53.9757,87.85,0,-31,87.85
47.2558,-0.0178,-0.0222,0.0044,-104.8856,87.8,210,-42,88
48.3898,-0.0211,-0.0204,-0.0007,-72.8276,87.85,0,-32,87.75
51.6714,-0.0115,-0.0087,-0.0028,-1.5961,88,2774,5,87.9
46.4859,-0.0238,-0.0168,-0.007,-113.2881,87.75,878,-54,87.65
49.6756,-0.0212,-0.0113,-0.0099,-67.8321,87.9,0,-11,87.75
44.9729,-0.0388,-0.0232,-0.0157,-176.9235,87.65,1245,-92,87.9
47.0822,-0.0443,-0.0229,-0.0214,-82.3533,87.75,460,-59,88
50.1023,-0.036,-0.0117,-0.0243,13.6562,87.9,0,8,88.05
52.0237,-0.0212,0.0025,-0.0237,111.1128,88,2996,55,88.05
52.9768,-0.0053,0.0147,-0.02,111.5814,88.05,160,70,88.05
52.9768,0.0071,0.0217,-0.0146,114.1939,88.05,172,65,88
52.9768,0.0168,0.0251,-0.0083,114.8158,88.05,485,63,87.9537
51.7771,0.0203,0.0228,-0.0026,72.6192,88,726,39,87.8
50.6589,0.019,0.0173,0.0017,38.0657,87.9537,2413,16,87.8
47.1044,0.0055,0.0031,0.0025,-58.2174,87.8,303,-45,87.75
47.1044,-0.0051,-0.006,0.001,-74.4022,87.8,38,-41,87.8
45.9423,-0.0173,-0.0146,-0.0027,-46.4366,87.75,430,-57,87.95
47.3106,-0.0227,-0.016,-0.0067,-64.5671,87.8,372,-32,87.75
51.2099,-0.0147,-0.0064,-0.0083,39.5985,87.95,75,28,87.75
46.3912,-0.0242,-0.0128,-0.0115,-50.2741,87.75,487,-53,88
46.3912,-0.0314,-0.016,-0.0155,-52.2118,87.75,9,-51,88.05
52.5725,-0.0168,-0.001,-0.0157,67.2712,88,1683,46,88.1
53.6965,-0.0011,0.0117,-0.0128,66.1357,88.05,1298,64,88
54.8234,0.0152,0.0224,-0.0072,98.8311,88.1,75,74,88
52.1512,0.0198,0.0216,-0.0018,60.1571,88,0,34,87.95
52.1512,0.0232,0.02,0.0032,55.0963,88,314,30,88.05
50.7798,0.0216,0.0147,0.0069,14.2282,87.95,221,6,88.05
53.3617,0.0281,0.0169,0.0111,62.0392,88.05,222,46,88
53.3617,0.0328,0.0174,0.0155,84.8059,88.05,176,44,88
51.8547,0.0322,0.0134,0.0188,46.796,88,349,24,88.05
51.8547,0.0313,0.01,0.0213,11.2049,88,227,26,88
53.3156,0.0343,0.0104,0.0239,55.0539,88.05,54,47,88
51.6654,0.0322,0.0066,0.0256,55.052,88,774,26,87.9
51.6654,0.0302,0.0037,0.0265,39.6985,88,0,24,87.9
48.3495,0.0203,-0.0049,0.0253,-47.7214,87.9,712,-21,87.9
48.3495,0.0124,-0.0103,0.0227,-42.5192,87.9,498,-24,87.9
48.3495,0.006,-0.0134,0.0193,-34.5277,87.9,25,-30,87.95
48.3495,0.0009,-0.0147,0.0157,-47.2585,87.9,210,-35,87.95
50.3072,0.0009,-0.0118,0.0127,-27.153,87.95,338,-8,88
50.3072,0.0009,-0.0094,0.0103,-40.5836,87.95,0,-16,88
52.3103,0.0049,-0.0044,0.0093,19.9424,88,14,11,87.95
52.3103,0.0079,-0.0011,0.009,19.9424,88,106,11,88
50.0737,0.0063,-0.0022,0.0084,-58.8677,87.95,180,-29,88
52.224,0.0089,0.0003,0.0085,31.0417,88,164,23,88.1
52.224,0.0108,0.0018,0.009,33.1821,88,77,23,88
56.3862,0.0202,0.0089,0.0112,187.5383,88.1,29,106,88.05
51.6497,0.0193,0.0065,0.0128,71.2353,88,526,13,88
53.6969,0.0224,0.0076,0.0147,95.2421,88.05,78,59,87.9
51.4057,0.0206,0.0047,0.0159,22.599,88,0,16,87.9
47.1689,0.0109,-0.004,0.0149,-103.5845,87.9,1080,-69,88
47.1689,0.0032,-0.0093,0.0126,-135.2464,87.9,421,-62,87.85
51.5899,0.0052,-0.0059,0.0111,-12.3445,88,567,26,87.8
45.5687,-0.0053,-0.0132,0.0078,-100.0607,87.85,357,-92,87.8
43.7762,-0.0175,-0.0203,0.0027,-205.0407,87.8,503,-109,87.7
43.7762,-0.0268,-0.0237,-0.0032,-182.7119,87.8,1204,-96,87.9
40.2656,-0.0418,-0.0309,-0.0109,-250.4064,87.7,1356,-127,87.75
48.8936,-0.0371,-0.021,-0.0162,-38.3401,87.9,0,-20,87.75
43.889,-0.045,-0.0231,-0.0219,-147.6975,87.75,100,-88,87.25
43.889,-0.0507,-0.023,-0.0277,-125.534,87.75,0,-78,87.55
31.8487,-0.0944,-0.0534,-0.041,-269.8646,87.25,8172,-174,87.7
41.9132,-0.1036,-0.0501,-0.0535,-164.8393,87.55,8389,-80,87.75
46.1022,-0.0978,-0.0354,-0.0624,-100.4578,87.7,357,-38,87.6
47.4325,-0.088,-0.0205,-0.0675,-75.6996,87.75,748,-22,87.6
44.0029,-0.0914,-0.0191,-0.0723,-81.0821,87.6,660,-55,87.6
44.0029,-0.093,-0.0165,-0.0764,-86.8006,87.6,0,-50,87.5
44.0029,-0.0931,-0.0134,-0.0798,-78.585,87.6,218,-45,87.6
41.6608,-0.1002,-0.0163,-0.0839,-99.3715,87.5,201,-65,87.5
44.756,-0.0966,-0.0102,-0.0864,-69.0615,87.6,80,-34,87.55
42.3887,-0.1007,-0.0114,-0.0893,-70.5983,87.5,2555,-57,87.55
43.9492,-0.0987,-0.0076,-0.0911,-81.3425,87.55,0,-38,87.55
43.9492,-0.0961,-0.0039,-0.0921,-67.2251,87.55,98,-34,87.65
43.9492,-0.0929,-0.0006,-0.0923,-52.9091,87.55,348,-31,87.65
47.2801,-0.0814,0.0087,-0.0901,9.2601,87.65,45,6,87.45
47.2801,-0.0714,0.015,-0.0864,28.9561,87.65,350,9,87.45
41.778,-0.0788,0.0061,-0.0848,-133.8825,87.45,842,-58,87.3
41.778,-0.0836,0.001,-0.0846,-132.4123,87.45,125,-53,87.3
38.0942,-0.0984,-0.0111,-0.0874,-218.8542,87.3,270,-100,87.3
38.0942,-0.1089,-0.0172,-0.0917,-205.8822,87.3,1409,-88,87.3
38.0942,-0.1159,-0.0194,-0.0965,-115.0852,87.3,59,-80,87.35
38.0942,-0.12,-0.0188,-0.1012,-109.1944,87.3,966,-83,87.45
40.2502,-0.1179,-0.0134,-0.1046,-111.2816,87.35,408,-58,87.45
44.3321,-0.1069,-0.0019,-0.105,-34.467,87.45,175,-19,87.55
44.3321,-0.0971,0.0063,-0.1035,-28.8943,87.45,317,-14,87.55
48.2497,-0.0804,0.0185,-0.0988,29.0839,87.55,1565,28,87.6
48.2497,-0.0663,0.026,-0.0923,42.92,87.55,115,30,87.65
50.1914,-0.0505,0.0334,-0.084,77.2514,87.6,135,52,87.6
52.0841,-0.0336,0.0403,-0.0739,111.5593,87.65,280,67,87.65
50.0809,-0.024,0.0399,-0.0639,77.0242,87.6,177,46,87.7
52.0233,-0.0122,0.0414,-0.0536,83.1392,87.65,255,61,87.35
53.9107,0.0012,0.0438,-0.0426,111.5111,87.7,1200,74,87.35
41.7943,-0.0162,0.0211,-0.0373,-39.0483,87.35,2435,-52,87.3
41.7943,-0.0297,0.0061,-0.0358,-94.7154,87.35,675,-47,87.3
40.3586,-0.0439,-0.0065,-0.0374,-87.5457,87.3,0,-59,87.25
42.4399,-0.0506,-0.0105,-0.0401,-73.6287,87.3,175,-55,87.1
39.5352,-0.0632,-0.0185,-0.0447,-93.3435,87.25,1616,-67,87
35.6792,-0.0843,-0.0317,-0.0526,-145.3003,87.1,1248,-101,87
33.3937,-0.1079,-0.0442,-0.0637,-186.1274,87,5169,-111,86.45
33.3937,-0.1251,-0.0492,-0.0759,-148.1089,87,1421,-97,86.8
24.0176,-0.1811,-0.0841,-0.097,-258.2251,86.45,11944,-156,86.55
36.0461,-0.1949,-0.0784,-0.1166,-194.0739,86.8,2999,-84,86.7
32.2121,-0.2235,-0.0855,-0.1379,-174.6523,86.55,918,-103,86.85
36.4791,-0.2314,-0.0747,-0.1566,-125.4057,86.7,0,-73,86.9
40.4266,-0.2229,-0.053,-0.1699,-83.7695,86.85,201,-48,87.2
41.6979,-0.2098,-0.0319,-0.1779,-70.2059,86.9,190,-37,86.9
48.6224,-0.1732,0.0038,-0.1769,-26.3077,87.2,693,4,86.9536
43.2192,-0.1665,0.0084,-0.1748,-32.0576,86.9,1378,-32,86.9035
44.3816,-0.155,0.0159,-0.1709,-36.1881,86.9536,385,-21,87.2
43.5053,-0.1483,0.0181,-0.1664,-39.1438,86.9035,85,-24,87.25
49.6931,-0.1177,0.039,-0.1566,19.9142,87.2,2966,26,86.95
50.6526,-0.0883,0.0546,-0.143,68.7267,87.25,187,44,87.35
45.2072,-0.0883,0.0437,-0.132,-18.1987,86.95,6299,-9,87.1
52.3906,-0.0553,0.0613,-0.1167,85.8006,87.35,1553,70,87.15
48.2307,-0.0488,0.0543,-0.1031,43.642,87.1,26,23,87.2028
49.0819,-0.0392,0.0511,-0.0903,51.2088,87.15,1570,37,87.2
49.9957,-0.027,0.0507,-0.0777,98.66,87.2028,125,50,87.05
49.9457,-0.0173,0.0483,-0.0656,99.2566,87.2,158,47,87.35
47.2774,-0.0215,0.0352,-0.0568,54.7886,87.05,210,14,87.25
52.6077,-0.0007,0.0449,-0.0456,121.286,87.35,1186,71,87.2
50.8054,0.0077,0.0426,-0.0349,89.373,87.25,90,48,87.15
49.9055,0.0102,0.0361,-0.0259,83.7555,87.2,3493,33,87.2
48.9922,0.0081,0.0272,-0.0191,57.8145,87.15,0,17,87.4
49.9563,0.0103,0.0235,-0.0132,78.5243,87.2,1075,27,87.4
53.6456,0.0279,0.0329,-0.005,114.8186,87.4,8917,85,87.35
53.6456,0.0413,0.037,0.0043,132.9221,87.4,0,77,87.4
52.5719,0.0474,0.0345,0.0129,85.6233,87.35,0,56,88
53.5505,0.0556,0.0342,0.0214,117.9912,87.4,3552,67,87.85
63.1529,0.1093,0.0703,0.039,326.8631,88,7210,170,88.5
59.8945,0.1381,0.0793,0.0588,291.8981,87.85,7594,114,88.3
67.5351,0.211,0.1217,0.0892,303.8458,88.5,7620,160,88.2
63.6101,0.2497,0.1284,0.1213,233.9312,88.3,16737,108,88.05
61.722,0.2692,0.1183,0.1509,167.5845,88.2,3093,84,88.2514
58.9591,0.2695,0.0949,0.1746,110.0473,88.05,755,60,88.3
61.4012,0.2827,0.0864,0.1962,110.5766,88.2514,1214,73,88.45
61.9759,0.2937,0.078,0.2157,102.3992,88.3,1784,70,88.2028
63.7304,0.3109,0.0761,0.2348,104.9456,88.45,4019,76,88
59.0072,0.3012,0.0531,0.248,78.2665,88.2028,5553,46,88.0023
55.4578,0.2739,0.0207,0.2532,39.2094,88,1197,22,88.2
55.4898,0.2496,-0.0029,0.2525,33.6564,88.0023,4783,19,88.15
58.2035,0.2435,-0.0072,0.2507,40.6703,88.2,1077,36,88.45
57.2739,0.2319,-0.015,0.2469,52.5615,88.15,7281,27,88.6
61.1889,0.2442,-0.0022,0.2464,68.8504,88.45,1375,58,88.6029
62.9746,0.263,0.0133,0.2497,105.0252,88.6,2804,72,88.6536
63.0093,0.2749,0.0202,0.2547,121.3616,88.6029,1189,66,88.6
63.6353,0.2852,0.0243,0.2608,106.6292,88.6536,6231,69,88.2
62.4589,0.2857,0.0199,0.2658,104.9482,88.6,3761,60,87.95
54.5394,0.2509,-0.0119,0.2628,29.8184,88.2,11555,-16,87.9
50.3401,0.2009,-0.0495,0.2504,-84.5651,87.95,5741,-69,88.1
49.5372,0.1554,-0.076,0.2314,-165.802,87.9,334,-82,87.9
52.713,0.134,-0.078,0.2119,-87.4386,88.1,1683,-34,87.9
49.4379,0.0997,-0.0898,0.1895,-60.2941,87.9,9236,-70,87.5028
49.4379,0.0717,-0.0942,0.1659,-122.9967,87.9,3827,-64,87.4
43.4915,0.0173,-0.1189,0.1362,-190.4876,87.5028,11687,-117,87.75
42.1116,-0.0338,-0.136,0.1022,-210.7561,87.4,1053,-110,87.65
48.022,-0.0455,-0.1181,0.0727,-128.1758,87.75,1272,-53,87.6
46.5914,-0.0621,-0.1078,0.0457,-123.1383,87.65,1339,-61,87.65
45.8721,-0.0784,-0.0993,0.0209,-115.5454,87.6,333,-61,87.8033
46.7377,-0.0863,-0.0857,-0.0005,-91.4983,87.65,2049,-50,87.7
49.3515,-0.0793,-0.063,-0.0163,-45.8079,87.8033,1112,-29,88
47.6913,-0.0811,-0.0518,-0.0292,-70.6361,87.7,513,-38,87.7
52.5689,-0.0577,-0.0227,-0.0349,-27.1664,88,4309,0,87.55
47.8703,-0.0626,-0.0221,-0.0405,-56.0848,87.7,1642,-34,88.1
45.7196,-0.0777,-0.0298,-0.0479,-79.5217,87.55,7312,-49,87.25
53.7846,-0.0445,0.0027,-0.0472,18.2533,88.1,628824,33,87.5
43.3338,-0.0861,-0.0311,-0.055,-122.4262,87.25,1008,-93,87.4
46.5368,-0.0977,-0.0342,-0.0635,-107.4318,87.5,117,-52,87.65
45.455,-0.1137,-0.0401,-0.0736,-117.7623,87.4,1328,-67,87.8
48.5994,-0.105,-0.0251,-0.0798,-40.9434,87.65,7149,-11,87.8028
50.4052,-0.085,-0.0041,-0.0809,-6.0614,87.8,4200,23,88.15
50.4394,-0.0681,0.0102,-0.0783,87.2645,87.8028,2247,29,88.45
55.5897,-0.0185,0.0479,-0.0664,222.8139,88.15,6890,95,88.3
57.7564,0.0702,0.0947,-0.0245,216.2653,88.45,5211,111,88.35
55.5826,0.093,0.094,-0.001,153.5628,88.3,5786,77,88.3
56.1551,0.1138,0.0919,0.022,130.4533,88.35,822,75,88.25
55.4034,0.1249,0.0823,0.0426,100.7804,88.3,1890,61,88.2037
54.6335,0.1281,0.0684,0.0597,79.3576,88.25,982,48,88.15
53.9034,0.1254,0.0526,0.0728,56.9603,88.2037,697,38,88.4
53.0381,0.1177,0.0359,0.0818,38.1086,88.15,183,28,88.1023
56.4631,0.1302,0.0387,0.0915,64.5889,88.4,784,57,88.05
51.7337,0.1147,0.0186,0.0961,39.3178,88.1023,10643,15,88.1
50.9446,0.0972,0.0008,0.0963,18.2378,88.05,1050,5,89.15
51.6862,0.0863,-0.008,0.0943,24.2658,88.1,1251,9,89.0015
63.7878,0.1605,0.053,0.1076,167.85,89.15,52145,126,88.75
61.4947,0.205,0.078,0.1271,191.3908,89.0015,13237,98,89.0037
57.791,0.2175,0.0724,0.1452,128.6722,88.75,2996,63,89
60.3281,0.245,0.0799,0.1651,148.6913,89.0037,11353,87,88.9528
60.2725,0.2635,0.0787,0.1848,131.126,89,8460,79,88.9023
59.5355,0.2712,0.0691,0.2021,114.4706,88.9528,3520,67,89.45
58.7267,0.2701,0.0544,0.2157,90.0249,88.9023,1773,55,90.15
64.2682,0.3099,0.0754,0.2345,139.4625,89.45,10333,108,89.9032
69.7351,0.3934,0.1271,0.2663,217.6379,90.15,75032,140,89.8
65.9882,0.4346,0.1346,0.3,193.7394,89.9032,29802,98,89.8029
64.4637,0.4537,0.123,0.3307,148.6778,89.8,18870,79,89.8038
64.4879,0.4637,0.1064,0.3573,125.1104,89.8029,5920,70,89.8536
64.4958,0.4664,0.0873,0.3791,114.2619,89.8038,2761,63,89.65
64.9512,0.4671,0.0704,0.3967,101.5388,89.8536,6218,60,89.8
61.5539,0.4461,0.0395,0.4066,71.3836,89.65,1944,41,90.3018
63.0526,0.4366,0.024,0.4126,72.455,89.8,3346,47,90.15
67.5123,0.4641,0.0412,0.4229,106.324,90.3018,35851,77,90.2032
65.0135,0.4683,0.0363,0.432,98.0493,90.15,15413,60,90.2
65.4847,0.4705,0.0308,0.4397,95.31,90.2032,5369,61,90.35
65.4289,0.4666,0.0215,0.4451,91.7489,90.2,5128,60,90.3
66.8239,0.4702,0.0201,0.4501,90.469,90.35,5209,67,90.3036
65.8911,0.4637,0.0109,0.4528,87.9224,90.3,4742,56,90.2
65.9271,0.4536,0.0006,0.453,91.9067,90.3036,5305,53,90.2
63.8817,0.4322,-0.0166,0.4488,71.0788,90.2,3727,38,90.2
63.8817,0.4105,-0.0306,0.4412,60.2124,90.2,5160,34,90.0034
63.8817,0.3889,-0.0418,0.4307,57.947,90.2,7502,31,90.05
59.7769,0.3518,-0.0631,0.4149,11.7708,90.0034,8276,-5,90.3015
60.4116,0.3225,-0.074,0.3964,-4.1331,90.05,2300,-2,90.5
63.6685,0.3159,-0.0644,0.3803,63.4383,90.3015,3795,53,90.6038
65.9928,0.3229,-0.0459,0.3689,151.6664,90.5,15843,86,90.7036
67.1497,0.3331,-0.0286,0.3617,158.4461,90.6038,4234,94,90.7029
68.243,0.3452,-0.0132,0.3584,177.8235,90.7036,8115,99,90.6
68.2262,0.3507,-0.0062,0.3569,178.4947,90.7029,11966,87,91
65.7276,0.3428,-0.0113,0.354,126.4607,90.6,2092,62,90.65
70.1941,0.3646,0.0084,0.3562,174.3525,91,17012,122,90.6
62.6715,0.3496,-0.0052,0.3548,112.0688,90.65,8173,54,90.5015
61.6774,0.3299,-0.02,0.3499,70.7321,90.6,4366,40,90.4529
59.7135,0.3028,-0.0376,0.3405,40.7653,90.5015,5530,18,90.5038
58.7421,0.2743,-0.0529,0.3272,13.9947,90.4529,2944,6,90.5
59.469,0.2529,-0.0595,0.3124,21.0005,90.5038,1542,13,90.45
59.3868,0.2329,-0.0635,0.2965,4.2335,90.5,2024,11,90.3
58.2708,0.2106,-0.0687,0.2793,-4.2291,90.45,1574,0,90.4
55.0068,0.1788,-0.0804,0.2592,-44.6955,90.3,2514,-31,90.45
56.7085,0.1598,-0.0795,0.2393,-49.266,90.4,2483,-13,90.5
57.5534,0.1471,-0.0738,0.2209,-30.1438,90.45,4257,-5,90.45
58.408,0.1394,-0.0651,0.2046,-2.7854,90.5,106,2,90.45
57.1959,0.1279,-0.0614,0.1893,-28.5183,90.45,418,-16,90.4
57.1959,0.1174,-0.0575,0.1749,-60.1801,90.45,573,-26,90.4536
55.9104,0.1038,-0.0569,0.1607,-77.63,90.4,4773,-46,90.4
57.001,0.0962,-0.0515,0.1478,-40.1418,90.4536,1291,-27,90.45
55.5545,0.085,-0.0502,0.1352,-76.3986,90.4,991,-41,90.35
56.6351,0.0791,-0.0448,0.124,-33.3152,90.45,1334,-20,90.4
53.8773,0.0657,-0.0466,0.1123,-103.7226,90.35,576,-50,90.3
55.0299,0.0584,-0.0431,0.1016,-77.9159,90.4,240,-29,90.25
52.2798,0.0441,-0.046,0.0901,-117.6282,90.3,1829,-89,90.15
50.9398,0.0283,-0.0494,0.0777,-138.6788,90.25,1862,-111,90.2
48.3321,0.0077,-0.056,0.0637,-236.7175,90.15,1298,-140,90.2034
49.6876,-0.0046,-0.0546,0.0501,-163.6248,90.2,457,-96,90.2532
49.782,-0.0138,-0.0511,0.0373,-157.8081,90.2034,3027,-82,90.2515
51.1925,-0.017,-0.0434,0.0264,-115.5319,90.2532,1355,-53,90.3
51.1409,-0.0194,-0.0367,0.0173,-83.3063,90.2515,303,-49,90.3
52.577,-0.0172,-0.0276,0.0104,-53.0882,90.3,83,-22,90.25
52.577,-0.0153,-0.0205,0.0053,-71.2771,90.3,93,-22,90.1
50.8691,-0.0176,-0.0182,0.0007,-53.3123,90.25,1306,-43,90.2
46.1366,-0.0311,-0.0255,-0.0057,-121.9815,90.1,325,-99,90.1
49.4375,-0.0334,-0.0222,-0.0112,-80.2572,90.2,71,-49,90
46.4416,-0.0428,-0.0253,-0.0175,-128.9353,90.1,935,-85,89.6
43.6568,-0.0577,-0.0321,-0.0256,-159.5623,90,1340,-110,89.7
34.856,-0.1006,-0.06,-0.0406,-288.3406,89.6,14400,-169,89.8529
38.1378,-0.1251,-0.0676,-0.0575,-260.7489,89.7,2621,-116,89.8538
42.7775,-0.1306,-0.0585,-0.0721,-154.5448,89.8529,729,-71,90.15
42.8041,-0.1334,-0.049,-0.0844,-124.2568,89.8538,223,-64,90
50.7319,-0.1104,-0.0209,-0.0896,-41.6086,90.15,997,7,90
47.2413,-0.1032,-0.0109,-0.0923,-14.0661,90,1434,-25,90.1524
47.2413,-0.0963,-0.0032,-0.0931,-8.7924,90,609,-21,90.25
51.034,-0.0776,0.0124,-0.09,32.0049,90.1524,577,18,90.25
53.2973,-0.0544,0.0285,-0.0829,73.3949,90.25,2522,41,90.2515
53.2973,-0.0355,0.0379,-0.0734,57.2082,90.25,1199,40,90.1029
53.3341,-0.0202,0.0426,-0.0628,57.2719,90.2515,0,40,90.1
49.2914,-0.0198,0.0343,-0.0542,15.1925,90.1029,340,5,90.25
49.2147,-0.0196,0.0277,-0.0473,-1.8811,90.1,1484,6,90.3
53.1781,-0.0072,0.0321,-0.0392,62.751,90.25,1316,46,90.05
54.4261,0.0066,0.0367,-0.0301,120.6769,90.3,9343,59,90.45
47.7305,-0.0026,0.022,-0.0246,29.3191,90.05,3404,-3,90.25
56.7016,0.0221,0.0374,-0.0152,147.7331,90.45,245,90,90.3
52.004,0.0253,0.0324,-0.0071,85.1304,90.25,602,40,90.45
53.0281,0.0315,0.0309,0.0006,118.4986,90.3,6445,49,90.4529
55.9932,0.0479,0.0379,0.0101,143.6611,90.45,1056,75,90.5
56.0498,0.0605,0.0403,0.0202,142.5655,90.4529,1779,73,90.45
56.9931,0.0734,0.0426,0.0308,123.9503,90.5,1009,81,90.5
55.6581,0.0787,0.0383,0.0404,99.0538,90.45,1700,63,90.45
56.7251,0.0859,0.0364,0.0495,104.903,90.5,3169,74,90.3524
55.3238,0.0866,0.0297,0.0569,79.8514,90.45,1794,53,90.3
52.6512,0.0784,0.0172,0.0612,34.1688,90.3524,767,19,90.35
51.2521,0.0669,0.0045,0.0624,-22.8221,90.3,1024,-2,90.35
52.5194,0.0611,-0.001,0.0621,-7.8597,90.35,856,12,90.3
52.5194,0.0559,-0.005,0.0609,20.6758,90.35,425,10,90.45
51.0489,0.0472,-0.011,0.0581,6.6557,90.3,546,-9,91.1537
55.0256,0.0517,-0.0051,0.0568,46.6208,90.45,1393,43,91.8
67.9026,0.1109,0.0432,0.0677,379.8279,91.1537,39738,179,92.6
74.8612,0.2075,0.1119,0.0956,409.2751,91.8,46623,181,92.2524
80.3982,0.3447,0.1992,0.1454,364.2118,92.6,80804,171,91.9018
73.0402,0.4205,0.22,0.2004,254.4837,92.2524,123584,114,92.2
66.5716,0.4471,0.1973,0.2498,150.6757,91.9018,52162,78,92.05
69.0274,0.4867,0.1895,0.2972,128.1058,92.2,27010,85,92.45
66.4429,0.5001,0.1624,0.3378,107.2386,92.05,6933,68,92.25
69.6344,0.5369,0.1593,0.3776,111.9372,92.45,17118,81,92.3537
66.3149,0.5437,0.1329,0.4108,98.3705,92.25,14263,62,92.3029
67.1691,0.551,0.1122,0.4388,90.9257,92.3537,9005,61,92.3
66.3022,0.5464,0.0861,0.4604,77.0742,92.3029,7757,53,92.3024
66.2508,0.5364,0.0608,0.4756,69.555,92.3,3044,47,92.2018
66.2735,0.5226,0.0376,0.485,62.0913,92.3024,9221,43,92.2
64.3577,0.4978,0.0103,0.4875,52.667,92.2018,9510,33,92.5033
64.3226,0.4726,-0.012,0.4846,52.5341,92.2,9781,29,92.5515
67.4631,0.4716,-0.0103,0.482,64.6973,92.5033,5944,44,92.55
67.9352,0.4694,-0.0101,0.4794,69.4948,92.5515,7341,43,92.5535
67.903,0.4621,-0.0139,0.476,68.0591,92.55,2534,40,92.9033
67.9404,0.4514,-0.0196,0.4711,71.777,92.5535,5644,40,93.25
71.4424,0.4658,-0.0042,0.47,152.5005,92.9033,23956,89,93.253
74.364,0.4995,0.0235,0.4759,255.6794,93.25,52541,138,93.3039
74.3878,0.5203,0.0356,0.4848,241.6227,93.253,17843,117,93.5
74.8067,0.5348,0.04,0.4948,202.0498,93.3039,11536,105,93.3
76.3738,0.5558,0.0488,0.507,178.5026,93.5,21682,107,93.4
71.5931,0.5499,0.0343,0.5156,141.6311,93.3,12474,76,93.2025
72.4991,0.5469,0.0251,0.5218,124.4459,93.4,9039,77,92.7035
67.9908,0.5227,0.0007,0.522,92.4024,93.2025,12248,51,92.6533
58.342,0.4579,-0.0513,0.5092,27.6994,92.7035,14939,-4,92.6
57.4782,0.3979,-0.089,0.4869,-9.2642,92.6533,7042,-12,92.603
56.5426,0.3421,-0.1158,0.458,-27.9117,92.6,3944,-20,92.4
56.5845,0.2948,-0.1306,0.4253,-32.5579,92.603,2546,-22,92.4037
52.9506,0.2381,-0.1498,0.3879,-64.5929,92.4,6099,-47,92.25
53.0085,0.1913,-0.1573,0.3486,-79.9743,92.4037,6152,-48,92.3
50.3018,0.1402,-0.1667,0.3069,-104.4801,92.25,1154,-68,92.35
51.1558,0.1025,-0.1635,0.266,-100.3719,92.3,4790,-63,92.6
52.0237,0.0759,-0.1521,0.228,-96.8034,92.35,2574,-55,92.6533
56.1265,0.074,-0.1232,0.1972,-55.9931,92.6,13895,-25,92.55
56.9527,0.076,-0.097,0.173,-22.6807,92.6533,4016,-19,92.4
54.8458,0.0685,-0.0836,0.1521,-41.1069,92.55,1640,-32,92.5539
51.9104,0.0498,-0.0818,0.1316,-66.3508,92.4,954,-46,92.55
54.5382,0.0469,-0.0678,0.1147,-39.3075,92.5539,1475,-24,92.5
54.4588,0.0437,-0.0567,0.1005,-31.2392,92.55,646,-21,92.4
53.4097,0.0368,-0.0509,0.0877,-34.1322,92.5,1334,-23,92.4
51.3281,0.023,-0.0518,0.0748,-54.0161,92.4,312,-34,92.4
51.3281,0.0119,-0.0503,0.0622,-50.6361,92.4,406,-31,92.4
51.3281,0.003,-0.0473,0.0504,-63.5743,92.4,3255,-31,92.35
51.3281,-0.0039,-0.0434,0.0395,-65.1108,92.4,875,-33,92.35
50.1286,-0.0133,-0.0423,0.0289,-68.4922,92.35,1140,-49,92.15
50.1286,-0.0205,-0.0396,0.0191,-33.3646,92.35,2962,-44,92.1
45.4244,-0.0419,-0.0488,0.0069,-122.477,92.15,4471,-111,92.15
44.3295,-0.0621,-0.0552,-0.0069,-168.0816,92.1,5507,-110,92.15
45.707,-0.0733,-0.0531,-0.0202,-152.5427,92.15,7029,-81,92.2
45.707,-0.0812,-0.0488,-0.0324,-114.499,92.15,5395,-72,92.05
47.1556,-0.0825,-0.0401,-0.0424,-109.9861,92.2,1634,-55,92.2
43.4911,-0.0945,-0.0417,-0.0529,-150.6005,92.05,1487,-90,92.2033
47.764,-0.0909,-0.0305,-0.0605,-95.7585,92.2,1643,-43,92.3
47.8554,-0.0868,-0.0211,-0.0657,-48.5555,92.2033,3812,-38,92.25
50.5233,-0.0749,-0.0073,-0.0676,0.2767,92.3,4359,-5,92.3037
49.1545,-0.0686,-0.0009,-0.0678,-34.3383,92.25,1023,-18,92.35
50.6655,-0.0587,0.0073,-0.066,8.1619,92.3037,1305,1,92.4
51.9611,-0.0466,0.0155,-0.0621,18.7238,92.35,4053,23,92.3524
53.3538,-0.0325,0.0237,-0.0562,59.0819,92.4,1311,49,92.2
51.8476,-0.0249,0.025,-0.0499,51.8566,92.3524,894,35,92.2534
47.3433,-0.0309,0.0152,-0.0461,-60.5539,92.2,472,-29,92.2
48.9782,-0.0309,0.0121,-0.0431,-2.6544,92.2534,1666,-1,92.2
47.4281,-0.0349,0.0066,-0.0414,-54.2692,92.2,803,-23,92.35
47.4281,-0.0376,0.0031,-0.0407,-23.3032,92.2,1010,-19,92.35
52.1422,-0.0273,0.0107,-0.038,49.5729,92.35,1083,61,92.15
52.1422,-0.0189,0.0153,-0.0342,84.3555,92.35,575,61,92.3
46.0428,-0.0281,0.0049,-0.033,-58.3721,92.15,5411,-46,92.4
50.6046,-0.023,0.008,-0.031,23.3856,92.3,1920,30,92.4
53.3709,-0.0108,0.0162,-0.0269,89.3915,92.4,1932,77,92.45
53.3709,-0.0011,0.0207,-0.0217,81.093,92.4,196,69,92.35
54.7741,0.0105,0.0258,-0.0153,125.8293,92.45,270,84,92.35
51.5106,0.0115,0.0215,-0.0099,90.7572,92.35,1502,30,92.35
51.5106,0.0122,0.0177,-0.0055,37.0668,92.35,161,27,92.35
51.5106,0.0126,0.0144,-0.0019,15.9318,92.35,1586,23,92.35
51.5106,0.0127,0.0117,0.001,85.0442,92.35,2450,21,92.35
51.5106,0.0127,0.0093,0.0034,78.875,92.35,177,18,92.35
51.5106,0.0125,0.0073,0.0052,40.3933,92.35,1060,17,92.3039
51.5106,0.0122,0.0056,0.0066,22.3006,92.35,950,17,92.15
49.5613,0.0082,0.0013,0.0069,1.6535,92.3039,1129,-9,92.1
43.744,-0.0073,-0.0114,0.0041,-135.3987,92.15,4184,-94,92
42.0557,-0.0234,-0.022,-0.0014,-158.9682,92.1,2149,-109,91.9024
38.8956,-0.0437,-0.0338,-0.0099,-212.0052,92,6232,-127,91.85
36.1081,-0.0669,-0.0456,-0.0213,-219.7485,91.9024,7264,-132,91.85
34.7026,-0.0885,-0.0538,-0.0347,-228.4054,91.85,1920,-121,91.75
28.1089,-0.1283,-0.0749,-0.0535,-240.3305,91.85,1375,-81,91.55
36.5669,-0.1421,-0.0709,-0.0712,-181.3179,91.75,10047,-89,91.6038
32.5374,-0.1673,-0.0769,-0.0904,-175.0569,91.55,3164,-107,91.4
34.5786,-0.1808,-0.0723,-0.1085,-135.0311,91.6038,2200,-85,91.6
30.8557,-0.2055,-0.0777,-0.1279,-139.318,91.4,2917,-100,91.55
37.7761,-0.2067,-0.063,-0.1436,-105.4648,91.6,1386,-63,91.25
36.8068,-0.2092,-0.0524,-0.1567,-90.5821,91.55,446,-63,90.8518
31.673,-0.2327,-0.0607,-0.1719,-122.1693,91.25,10537,-92,90.6534
26.5074,-0.2802,-0.0866,-0.1936,-183.8612,90.8518,31312,-118,90.3
24.4187,-0.3301,-0.1092,-0.2209,-183.8649,90.6534,6723,-116,90.3
21.2754,-0.3936,-0.1382,-0.2554,-206.4092,90.3,4644,-122,90.5038
21.2754,-0.4389,-0.1467,-0.2921,-186.2225,90.3,7541,-103,90.7536
27.2586,-0.4531,-0.1288,-0.3243,-131.1365,90.5038,4189,-77,90.8029
33.7546,-0.4391,-0.0918,-0.3473,-88.3761,90.7536,1480,-52,90.9
34.9612,-0.4192,-0.0576,-0.3617,-65.8489,90.8029,810,-44,91.15
37.3278,-0.3911,-0.0236,-0.3676,-46.4782,90.9,1146,-31,91.25
42.9537,-0.3447,0.0183,-0.363,-16.8548,91.15,983,-5,91.2034
45.0313,-0.2965,0.0532,-0.3497,-1.5825,91.25,2214,7,91.2
44.2409,-0.259,0.0726,-0.3316,19.0864,91.2034,1075,6,91.15
44.1813,-0.227,0.0837,-0.3106,21.3687,91.2,50,10,91.35
43.2796,-0.2032,0.0859,-0.2892,23.1969,91.15,603,7,91.25
47.7687,-0.1664,0.0982,-0.2646,52.6076,91.35,195,35,91.25
45.8585,-0.1436,0.0968,-0.2404,46.7699,91.25,589,25,91.15
45.8585,-0.1241,0.093,-0.2172,42.0009,91.25,317,29,91.2
43.9127,-0.1154,0.0814,-0.1968,32.3412,91.15,1199,17,91.2
45.1378,-0.1033,0.0748,-0.1781,51.7147,91.2,446,29,90.8
45.1378,-0.0926,0.0684,-0.161,50.5598,91.2,2227,33,91
37.8156,-0.1151,0.0367,-0.1518,-11.0387,90.8,7798,-25,90.65
42.7071,-0.1155,0.0291,-0.1446,-23.724,91,4173,4,90.8038
37.3019,-0.1424,0.0018,-0.1441,-39.088,90.65,3880,-50,90.8036
40.7694,-0.1495,-0.0043,-0.1452,-56.6957,90.8038,530,-33,90.7
40.7664,-0.1535,-0.0066,-0.1469,-68.2155,90.8036,513,-45,90.7
39.1503,-0.163,-0.013,-0.1501,-107.6592,90.7,587,-74,90.65
39.1503,-0.1687,-0.0149,-0.1538,-122.4436,90.7,4198,-73,90.5
38.3377,-0.1752,-0.0171,-0.1581,-115.4495,90.65,749,-79,90.6
35.9792,-0.1903,-0.0257,-0.1645,-130.5678,90.5,9990,-96,90.7
38.6286,-0.1919,-0.0219,-0.17,-117.6224,90.6,8104,-68,90.65
41.1905,-0.1831,-0.0104,-0.1726,-77.6668,90.7,165,-45,90.75
40.3051,-0.178,-0.0043,-0.1737,-75.6633,90.65,426,-49,90.95
42.8898,-0.164,0.0077,-0.1718,-61.4882,90.75,2736,-27,90.8029
47.6608,-0.1353,0.0292,-0.1645,18.5792,90.95,2737,13,90.8524
44.7655,-0.1229,0.0332,-0.1562,-23.0834,90.8029,1044,-11,90.65
45.929,-0.1079,0.0386,-0.1465,1.3185,90.8524,406,3,90.8534
42.111,-0.1111,0.0284,-0.1394,-50.4211,90.65,146,-39,90.7033
46.7901,-0.0961,0.0347,-0.1308,14.7948,90.8534,565,17,90.8
44.0258,-0.0952,0.0285,-0.1236,-18.3798,90.7033,1390,-20,91.25
46.182,-0.0857,0.0304,-0.116,36.1837,90.8,1432,23,91
54.725,-0.0414,0.0598,-0.1011,244.946,91.25,2824,150,90.65
50.0764,-0.0261,0.06,-0.0861,176.8995,91,2999,72,90.85
44.5052,-0.0418,0.0355,-0.0772,36.128,90.65,2539,-37,90.8
47.9859,-0.0376,0.0317,-0.0693,6.6597,90.85,3776,24,90.9038
47.2068,-0.0379,0.0251,-0.063,53.4011,90.8,1576,9,91.0036
49.0159,-0.0295,0.0269,-0.0563,53.6626,90.9038,3934,37,90.75
50.7249,-0.0145,0.0334,-0.048,91.5956,91.0036,0,61,91.2
46.5511,-0.0229,0.0201,-0.043,6.8544,90.75,1227,-15,91
53.6713,0.0067,0.0397,-0.033,188.7378,91.2,2360,105,90.8518
50.5226,0.0139,0.0375,-0.0236,122.0103,91,2722,43,90.8
48.3119,0.0075,0.0249,-0.0174,5.1792,90.8518,3903,-3,90.85
47.5464,-0.0017,0.0126,-0.0143,-20.4842,90.8,602,-22,91.2
48.3774,-0.0049,0.0075,-0.0124,-37.1686,90.85,96,-8,91
53.774,0.0206,0.0264,-0.0058,111.5189,91.2,1691,92,91.05
50.5927,0.0243,0.0241,0.0002,87.5535,91,920,30,90.95
51.3502,0.031,0.0246,0.0064,36.3628,91.05,342,41,90.75
49.7446,0.0279,0.0172,0.0107,11.7897,90.95,782,8,90.95
46.6727,0.0092,-0.0012,0.0104,-66.7843,90.75,2470,-50,91.2
49.9276,0.0103,0,0.0104,-43.1395,90.95,512,6,91.05
53.6501,0.0311,0.0166,0.0145,54.2558,91.2,2170,75,91
51.2442,0.035,0.0164,0.0186,7.9706,91.05,604,35,91.1
50.4502,0.0337,0.0121,0.0216,57.4592,91,416,19,91
52.0152,0.0403,0.0149,0.0254,95.0526,91.1,167,48,90.85
50.3415,0.037,0.0093,0.0277,-29.0931,91,0,10,91
47.9075,0.0221,-0.0045,0.0266,-66.8632,90.85,217,-45,90.85
50.4304,0.0221,-0.0036,0.0257,-19.2241,91,716,8,90.8
47.9842,0.0098,-0.0127,0.0225,-87.1311,90.85,0,-43,90.75
47.1812,-0.0038,-0.0211,0.0172,-110.2318,90.8,1713,-64,90.75
46.3644,-0.0185,-0.0286,0.0101,-135.6498,90.75,826,-76,90.75
46.3644,-0.0298,-0.0319,0.0021,-123.0835,90.75,121,-68,90.95
46.3644,-0.0383,-0.0323,-0.006,-78.6792,90.75,975,-64,90.85
50.3724,-0.0285,-0.0181,-0.0105,14.7583,90.95,0,3,90.9
48.4662,-0.0286,-0.0145,-0.0141,-47.841,90.85,0,-32,90.75
49.4726,-0.0243,-0.0081,-0.0161,-53.5938,90.9,820,-9,90.8
46.599,-0.0326,-0.0132,-0.0194,-97.5612,90.75,808,-62,90.8024
47.6657,-0.0347,-0.0123,-0.0225,-64.8522,90.8,89,-38,90.8
47.7184,-0.0359,-0.0107,-0.0252,-39.2643,90.8024,2964,-34,90.8034
47.6679,-0.0365,-0.0091,-0.0274,-73.8384,90.8,291,-37,90.8
47.7504,-0.0363,-0.0071,-0.0292,-49.0659,90.8034,1757,-32,90.95
47.6712,-0.036,-0.0055,-0.0306,-65.5553,90.8,0,-31,90.9
51.4136,-0.0234,0.0057,-0.0291,75.1096,90.95,190,43,91
50.1551,-0.0173,0.0095,-0.0268,38.9897,90.9,136,21,90.8
52.598,-0.0043,0.018,-0.0223,150.7291,91,2261,85,90.9
47.6785,-0.01,0.0098,-0.0198,16.1007,90.8,2154,-26,90.85
50.1333,-0.0064,0.0107,-0.0172,17.5153,90.9,1157,34,90.65
48.9251,-0.0075,0.0077,-0.0152,25.4269,90.85,267,8,90.6
44.4182,-0.0242,-0.0072,-0.017,-196.6194,90.65,4441,-107,90.5
43.3668,-0.0411,-0.0192,-0.0218,-225.1888,90.6,1534,-112,90.8029
42.3128,-0.0578,-0.0287,-0.029,-218.1009,90.5,4462,-137,90.8
48.9232,-0.05,-0.0168,-0.0332,-13.2622,90.8029,3321,-3,90.65
48.8557,-0.0436,-0.0083,-0.0353,-6.7978,90.8,817,-5,90.7
45.4384,-0.05,-0.0118,-0.0382,-103.9229,90.65,1130,-66,90.8
46.7453,-0.0505,-0.0098,-0.0407,-90.6709,90.7,449,-40,90.75
49.3022,-0.0424,-0.0013,-0.041,-28.2851,90.8,145,6,90.7
48.087,-0.0395,0.0013,-0.0407,-53.1066,90.75,150,-16,90.7
46.871,-0.0407,0,-0.0407,-71.7732,90.7,95,-36,90.7
46.871,-0.0413,-0.0004,-0.0408,-64.1098,90.7,115,-33,90.9029
46.871,-0.0412,-0.0003,-0.0409,-58.0313,90.7,190,-30,91
52.55,-0.0245,0.0131,-0.0376,79.429,90.9029,1321,54,90.8
54.9744,-0.0034,0.0274,-0.0308,96.4198,91,1896,84,90.7
49.4918,-0.0028,0.0224,-0.0252,57.1963,90.8,1175,9,90.7
47.0234,-0.0102,0.012,-0.0222,-53.0387,90.7,7228,-28,90.8538
47.0234,-0.016,0.005,-0.021,2.5913,90.7,484,-24,90.8
51.1733,-0.008,0.0104,-0.0184,78.8711,90.8538,213,45,90.7
49.7387,-0.006,0.0099,-0.0159,34.3114,90.8,38,23,90.7
47.1522,-0.0123,0.0029,-0.0152,-45.781,90.7,226,-21,90.7
47.1522,-0.0171,-0.0015,-0.0155,-33.0985,90.7,114,-22,90.85
47.1522,-0.0207,-0.0041,-0.0166,-25.0545,90.7,1985,-26,91
51.5591,-0.0113,0.0043,-0.0155,32.4337,90.85,417,49,90.7
55.468,0.0082,0.019,-0.0108,200.1901,91,2458,112,90.6
47.4133,-0.0006,0.0082,-0.0087,-66.33,90.7,295,-34,90.8038
45.1147,-0.0154,-0.0054,-0.0101,-52.4486,90.6,4850,-80,90.8036
50.2853,-0.0106,-0.0004,-0.0102,27.3137,90.8038,183,14,90.8
50.2804,-0.0067,0.0027,-0.0095,10.4862,90.8036,627,14,90.6
50.188,-0.0039,0.0044,-0.0084,-29.6319,90.8,259,11,90.7524
45.3114,-0.0176,-0.0074,-0.0102,-142.2113,90.6,1638,-78,90.7518
49.2655,-0.016,-0.0046,-0.0114,-19.5252,90.7524,538,-9,90.75
49.2507,-0.0146,-0.0026,-0.012,-32.9627,90.7518,184,-11,90.75
49.2042,-0.0135,-0.0012,-0.0123,-57.5691,90.75,216,-8,90.65
49.2042,-0.0124,-0.0001,-0.0123,-17.5578,90.75,840,-3,90.8
46.4992,-0.0195,-0.0057,-0.0138,-89.6667,90.65,309,-54,90.65
50.7723,-0.0128,0.0008,-0.0136,9.4612,90.8,360,25,90.7
46.8347,-0.0194,-0.0046,-0.0147,-87.5569,90.65,227,-54,90.65
48.243,-0.0203,-0.0045,-0.0158,-42.0426,90.7,1775,-23,90.65
46.9344,-0.0248,-0.0072,-0.0176,28.2983,90.65,5347,-46,90.65
46.9344,-0.0281,-0.0083,-0.0197,-84.8776,90.65,152,-44,90.9
46.9344,-0.0303,-0.0084,-0.0218,-99.1516,90.65,1179,-42,90.9
54.183,-0.0117,0.0081,-0.0198,103.7679,90.9,200,78,90.8515
54.183,0.0029,0.0182,-0.0153,115.5647,90.9,308,75,90.8
52.5909,0.0104,0.0205,-0.0101,102.8641,90.8515,571,64,91.0036
51.0133,0.0121,0.0178,-0.0057,93.8747,90.8,9324,32,91.3
56.5947,0.0296,0.0282,0.0014,259.096,91.0036,4492,119,91.6
63.0468,0.0666,0.0522,0.0144,372.4501,91.3,12444,165,91.8
68.099,0.1188,0.0835,0.0353,369.3451,91.6,7499,164,92
70.8918,0.1742,0.1111,0.0631,276.4633,91.8,3079,145,91.85
73.3478,0.2317,0.1349,0.0968,234.6283,92,9680,133,91.6033
68.767,0.262,0.1322,0.1298,179.1267,91.85,4064,97,91.6
62.0574,0.2632,0.1067,0.1565,105.2109,91.6033,7275,61,91.1029
61.9722,0.2608,0.0834,0.1774,87.2548,91.6,3616,55,91.1
50.8994,0.2163,0.0312,0.1852,23.0627,91.1029,9988,0,91.3
50.8435,0.1788,-0.0051,0.1839,9.8649,91.1,2871,-2,91.1
54.4665,0.1633,-0.0165,0.1798,11.7698,91.3,6006,17,91.0024
50.5451,0.1333,-0.0372,0.1705,1.8178,91.1,9234,-8,91.0518
48.7425,0.1005,-0.0559,0.1565,-27.9647,91.0024,3415,-22,91.15
49.6983,0.0777,-0.0631,0.1407,-21.9659,91.0518,1277,-19,91.55
51.5873,0.0667,-0.0592,0.1259,-37.3515,91.15,1320,-11,91.5515
58.3015,0.0892,-0.0294,0.1186,18.597,91.55,7551,38,91.903
58.3242,0.106,-0.0101,0.1161,55.1956,91.5515,2072,34,91.7
63.28,0.146,0.0239,0.122,120.1043,91.903,8752,75,91.65
59.0139,0.1594,0.0299,0.1295,54.0922,91.7,1364,42,91.7
58.0002,0.1641,0.0277,0.1364,58.0391,91.65,7023,31,91.4524
58.7461,0.17,0.0268,0.1431,48.6053,91.7,5055,35,91.35
53.768,0.1529,0.0078,0.1451,-4.7466,91.4524,3701,-5,91.2534
51.8551,0.1295,-0.0124,0.142,-29.6639,91.35,5121,-20,91.25
50.0856,0.1021,-0.0319,0.134,5.6705,91.2534,12040,-32,91.15
50.0224,0.0791,-0.0439,0.123,-39.2193,91.25,1213,-29,91.2
48.1405,0.0523,-0.0566,0.1089,-42.7095,91.15,3819,-43,91.25
49.1473,0.0346,-0.0594,0.094,-43.3944,91.2,3093,-30,91.2
50.1659,0.0244,-0.0557,0.0801,-39.3325,91.25,5281,-17,91.5
49.13,0.0121,-0.0544,0.0665,-55.3093,91.2,4155,-28,90.35
54.9985,0.0263,-0.0322,0.0585,-7.1764,91.5,1832878,28,90.45
37.5291,-0.0547,-0.0905,0.0358,-267.5615,90.35,4135,-147,90.25
39.294,-0.1095,-0.1162,0.0068,-212.4739,90.45,1468,-110,89.4037
37.0881,-0.1671,-0.1391,-0.028,-214.5078,90.25,1802,-114,89.5036
29.669,-0.2779,-0.1999,-0.078,-255.8873,89.4037,11511,-148,89.15
31.3748,-0.3535,-0.2204,-0.1331,-204.279,89.5036,2593,-113,89.6024
28.7746,-0.437,-0.2431,-0.1939,-182.5602,89.15,5110,-112,89.5
35.926,-0.4613,-0.2139,-0.2474,-131.944,89.6024,4149,-74,89.7033
35.0866,-0.4833,-0.1887,-0.2945,-110.5265,89.5,0,-72,89.35
38.1085,-0.4787,-0.1474,-0.3314,-88.2701,89.7033,1544,-54,88.5014
35.1179,-0.4979,-0.1332,-0.3647,-95.9182,89.35,2040,-68,88.75
29.3036,-0.575,-0.1682,-0.4068,-135.228,88.5014,6218,-100,88.7037
32.7377,-0.609,-0.1618,-0.4472,-132.6115,88.75,4244,-77,88.8036
32.4289,-0.6324,-0.1481,-0.4842,-105.2719,88.7037,396,-71,89.0028
33.8462,-0.6355,-0.121,-0.5145,-92.8237,88.8036,2356,-60,89.15
36.6359,-0.6148,-0.0803,-0.5346,-81.3445,89.0028,5667,-45,89.2017
38.6484,-0.5799,-0.0363,-0.5436,-55.1467,89.15,422,-33,89.35
39.3604,-0.5418,0.0015,-0.5432,-48.0764,89.2017,2785,-26,89.55
41.4134,-0.4939,0.0395,-0.5334,-28.3292,89.35,1584,-14,89.45
44.1001,-0.4348,0.0788,-0.5137,3.5554,89.55,2121,4,89.55
43.0607,-0.3916,0.0977,-0.4892,11.7109,89.45,68,6,89.6
44.4391,-0.3452,0.1152,-0.4604,33.4218,89.55,949,21,89.65
45.138,-0.301,0.1276,-0.4285,59.7872,89.6,1908,37,89.6028
45.8551,-0.2589,0.1357,-0.3946,86.3513,89.65,2474,54,89.7
45.2672,-0.2268,0.1343,-0.3611,84.4007,89.6028,9892,45,89.5
46.7471,-0.1912,0.1358,-0.3271,82.8692,89.7,618,56,89.7
44.1609,-0.1772,0.1199,-0.2971,50.0677,89.5,1522,26,89.6
47.2337,-0.1482,0.1191,-0.2673,65.0892,89.7,1515,52,89.55
45.9042,-0.1318,0.1084,-0.2402,66.4895,89.6,30,37,89.75
45.2341,-0.1214,0.0951,-0.2165,47.6832,89.55,200,32,89.7
48.4055,-0.0959,0.0964,-0.1924,73.817,89.75,942,55,89.7
47.6788,-0.0789,0.0908,-0.1697,69.5197,89.7,303,46,89.6
47.6788,-0.0646,0.084,-0.1486,67.738,89.7,1576,43,89.6
46.1439,-0.0607,0.0704,-0.1311,47.7574,89.6,1371,22,89.6024
46.1439,-0.0569,0.0593,-0.1162,18.8663,89.6,266,18,89.7033
46.19,-0.0531,0.0505,-0.1036,38.0185,89.6024,431,15,89.8
48.1527,-0.0415,0.0497,-0.0912,72.714,89.7033,313,46,89.75
49.9927,-0.0242,0.0536,-0.0778,134.2022,89.8,1133,90,89.75
49.0453,-0.0143,0.0508,-0.0651,119.6695,89.75,100,66,89.7
49.0453,-0.0065,0.0469,-0.0534,109.2749,89.75,50,59,89.7029
48.0366,-0.0042,0.0393,-0.0435,49.6616,89.7,300,28,89.6
48.1019,-0.0022,0.0331,-0.0353,75.9325,89.7029,5236,26,89.6
45.9497,-0.0087,0.0212,-0.03,-46.2782,89.6,872,-41,89.7
45.9497,-0.0138,0.0129,-0.0267,-79.8726,89.6,18,-39,89.65
48.434,-0.0096,0.0137,-0.0233,-53.6693,89.7,2645,22,89.5
47.2901,-0.0102,0.0105,-0.0207,-11.6967,89.65,0,-8,89.35
44.0076,-0.0226,-0.0015,-0.0211,-167.5899,89.5,556,-107,89.35
41.0111,-0.0439,-0.0183,-0.0256,-218.0591,89.35,1956,-145,89
41.0111,-0.0602,-0.0276,-0.0325,-234.363,89.35,260,-118,88.8528
34.8722,-0.1001,-0.0541,-0.0461,-304.1087,89,3028,-165,88.9
32.705,-0.142,-0.0768,-0.0653,-296.4989,88.8528,4217,-146,89.1023
34.0876,-0.1695,-0.0834,-0.0861,-214.529,88.9,1673,-111,89.0017
39.6791,-0.1729,-0.0695,-0.1035,-78.1574,89.1023,5856,-66,88.8033
37.9921,-0.1817,-0.0626,-0.1191,-136.0393,89.0017,6539,-74,88.9
34.9106,-0.2023,-0.0665,-0.1357,-124.0337,88.8033,5217,-91,88.7
37.511,-0.2084,-0.0581,-0.1503,-127.2408,88.9,5452,-68,88.85
34.5095,-0.2268,-0.0612,-0.1656,-116.8093,88.7,1267,-84,88.9
38.4007,-0.2266,-0.0488,-0.1778,-105.9003,88.85,538,-58,88.9028
39.6588,-0.22,-0.0337,-0.1862,-77.2359,88.9,300,-47,89
39.7313,-0.212,-0.0206,-0.1914,-61.8832,88.9028,705,-42,88.65
42.2679,-0.1956,-0.0034,-0.1922,-44.0291,89,1416,-24,88.3
36.4527,-0.2084,-0.0129,-0.1955,-88.9604,88.65,2978,-70,88.5
31.8415,-0.244,-0.0388,-0.2052,-142.5827,88.3,5453,-105,88.5
36.6609,-0.2532,-0.0384,-0.2148,-142.1763,88.5,3461,-70,88.5
36.6609,-0.2574,-0.0341,-0.2233,-118.9314,88.5,311,-66,88.6537
36.6609,-0.2579,-0.0277,-0.2302,-119.3069,88.5,230,-63,88.6536
40.4361,-0.243,-0.0102,-0.2328,-95.5911,88.6537,3037,-34,88.65
40.4344,-0.2286,0.0033,-0.2319,-81.9477,88.6536,4326,-30,88.7
40.372,-0.215,0.0136,-0.2285,-49.2242,88.65,360,-28,88.6
41.6885,-0.1979,0.0245,-0.2224,-30.9074,88.7,673,-12,88.7
39.8367,-0.1902,0.0258,-0.216,-56.5995,88.6,176,-34,88.8033
42.5241,-0.1741,0.0335,-0.2076,-27.8125,88.7,236,-7,88.85
45.1866,-0.1512,0.0451,-0.1963,32.5187,88.8033,396,25,89
46.3688,-0.1278,0.0548,-0.1826,36.3733,88.85,386,42,89
50.0139,-0.0961,0.0692,-0.1653,121.0827,89,395,78,88.2
50.0139,-0.0701,0.0762,-0.1463,125.4378,89,16,74,88.75
35.6822,-0.1128,0.0268,-0.1396,-98.384,88.2,2704,-113,88.85
46.7293,-0.1011,0.0308,-0.1319,-25.0855,88.75,3855,13,88.75
48.4246,-0.0827,0.0393,-0.122,76.0074,88.85,1327,37,88.5035
46.855,-0.0754,0.0373,-0.1127,65.962,88.75,1672,16,88.65
43.2198,-0.0885,0.0194,-0.1079,-14.0745,88.5035,3727,-38,88.55
45.8481,-0.0861,0.0175,-0.1035,-15.4794,88.65,1098,-1,88.5023
44.3724,-0.0911,0.0099,-0.101,-20.8045,88.55,1861,-32,88.4
43.6666,-0.0979,0.0025,-0.1004,-84.7949,88.5023,194,-45,88.7032
42.153,-0.1102,-0.0078,-0.1024,-130.3652,88.4,485,-69,89
47.7981,-0.0944,0.0064,-0.1008,4.5417,88.7032,288,8,88.75
52.5676,-0.0573,0.0348,-0.0921,114.8801,89,1644,77,88.75
48.6282,-0.0475,0.0357,-0.0832,54.7406,88.75,330,13,88.7
48.6282,-0.0393,0.0351,-0.0744,41.4907,88.75,2501,12,88.5
47.8338,-0.0364,0.0304,-0.0668,-26.1522,88.7,927,0,88.75
44.7554,-0.0497,0.0137,-0.0634,-75.3124,88.5,1940,-48,88.8
49.0683,-0.0396,0.019,-0.0586,14.8909,88.75,725,12,88.6
49.8919,-0.0272,0.0251,-0.0523,32.0031,88.8,47,25,88.65
46.7115,-0.0332,0.0153,-0.0485,-24.4187,88.6,47,-21,88.75
47.5907,-0.0335,0.012,-0.0455,-9.6817,88.65,1185,-4,88.75
49.3499,-0.0253,0.0161,-0.0415,40.8395,88.75,0,27,88.75
49.3499,-0.0187,0.0182,-0.0369,33.764,88.75,503,24,88.75
49.3499,-0.0133,0.0189,-0.0322,18.9198,88.75,84,24,88.8028
49.3499,-0.0089,0.0186,-0.0275,37.3771,88.75,303,27,88.7523
50.4285,-0.0011,0.0211,-0.0222,84.5434,88.8028,2131,45,88.75
49.37,0.001,0.0186,-0.0176,40.8366,88.7523,316,22,88.55
49.3204,0.0024,0.016,-0.0136,5.5535,88.75,195,20,88.55
45.1646,-0.0125,0.0009,-0.0134,-97.8457,88.55,78,-56,88.5
45.1646,-0.024,-0.0085,-0.0155,-127.4394,88.55,0,-59,88.55
44.1343,-0.0367,-0.017,-0.0197,-167.6666,88.5,222,-88,88.75
45.4443,-0.0423,-0.018,-0.0243,-120.3274,88.55,33,-61,88.6
50.3462,-0.0302,-0.0048,-0.0254,43.9116,88.75,29,32,88.75
47.0113,-0.0324,-0.0055,-0.0268,-72.5265,88.6,5,-38,88.7
50.4651,-0.0217,0.0041,-0.0258,56.6663,88.75,0,35,88.6
49.3367,-0.0171,0.0069,-0.0241,-66.2614,88.7,3567,11,88.75
47.1188,-0.0213,0.0022,-0.0235,-16.9174,88.6,1050,-43,88.8
50.6237,-0.0124,0.0089,-0.0213,43.0341,88.75,231,35,88.8
51.7459,-0.0013,0.016,-0.0173,100.6663,88.8,0,62,88.8
51.7459,0.0075,0.0198,-0.0123,90.6903,88.8,150,56,88.9
51.7459,0.0142,0.0213,-0.007,57.5917,88.8,78,51,88.9
54.1752,0.0273,0.0275,-0.0001,128.6026,88.9,364,90,88.9
54.1752,0.0373,0.03,0.0073,161.4734,88.9,278,80,89.0033
54.1752,0.0447,0.0299,0.0148,122.8392,88.9,500,73,89
56.7958,0.0582,0.0347,0.0235,177.7285,89.0033,272,98,88.95
56.6868,0.0679,0.0355,0.0324,145.9986,89,45,86,88.95
55.0029,0.0707,0.0306,0.04,111.4874,88.95,274,63,89
55.0029,0.0721,0.0256,0.0464,90.967,88.95,0,58,89
56.4368,0.0763,0.0239,0.0524,103.4257,89,277,66,89.1
56.4368,0.0788,0.0211,0.0577,86.4848,89,271,60,88.95
59.3099,0.0878,0.0241,0.0637,115.378,89.1,81,86,88.95
53.716,0.0819,0.0145,0.0673,51.2529,88.95,90,32,89
53.716,0.0763,0.0072,0.0691,46.8017,88.95,61,29,88.95
55.2741,0.0751,0.0048,0.0703,69.5377,89,0,44,88.95
53.3824,0.0693,-0.0008,0.0701,35.2447,88.95,396,20,88.95
53.3824,0.0639,-0.0049,0.0689,16.7182,88.95,586,16,88.75
53.3824,0.059,-0.0079,0.0669,23.0142,88.95,176,11,88.75
46.033,0.0385,-0.0227,0.0612,-161.0881,88.75,480,-106,88.8536
46.033,0.0221,-0.0313,0.0534,-166.5107,88.75,67,-100,88.9
49.9852,0.0172,-0.029,0.0461,-24.2599,88.8536,1130,-44,89
51.6545,0.0168,-0.0235,0.0403,-46.0612,88.9,30,-21,88.85
55.0571,0.0243,-0.0128,0.0371,72.1075,89,143,36,88.85
49.5505,0.018,-0.0153,0.0333,-52.4548,88.85,52,-52,88.7
49.5505,0.0128,-0.0164,0.0292,-52.4545,88.85,220,-50,88.9
44.607,-0.0034,-0.026,0.0227,-228.8623,88.7,76,-112,88.65
51.4107,0,-0.0182,0.0181,-82.2709,88.9,726,-7,88.75
44.2582,-0.0174,-0.0284,0.011,-184.4692,88.65,502,-111,88.7523
47.3427,-0.0228,-0.027,0.0043,-139.4753,88.75,1090,-60,88.8517
47.4132,-0.0266,-0.0247,-0.0019,-83.8526,88.7523,433,-53,88.7
50.4303,-0.0213,-0.0155,-0.0058,-28.7863,88.8517,216,-8,88.65
46.1743,-0.0291,-0.0186,-0.0104,-65.0989,88.7,103,-70,88.95
44.8609,-0.0388,-0.0227,-0.0161,-130.7492,88.65,90,-82,88.85
53.2585,-0.022,-0.0047,-0.0173,74.0897,88.95,706,51,88.7
50.5569,-0.0166,0.0005,-0.0171,45.7055,88.85,337,10,88.45
46.8077,-0.0242,-0.0056,-0.0186,-55.8126,88.7,875,-54,88.55
41.4191,-0.0497,-0.0249,-0.0248,-224.0189,88.45,250,-133,88.3
44.1275,-0.0612,-0.0292,-0.0321,-143.2982,88.55,0,-83,88.35
41.1255,-0.0815,-0.0395,-0.042,-208.4863,88.3,0,-146,88.45
40.1666,-0.1004,-0.0468,-0.0537,-175.7037,88.35,298,-107,88.35
42.9659,-0.1062,-0.042,-0.0642,-114.0558,88.45,0,-70,88.45
40.9493,-0.1174,-0.0426,-0.0748,-135.2501,88.35,5,-85,88.45
43.7294,-0.1169,-0.0337,-0.0832,-84.1519,88.45,295,-55,88.2
43.7294,-0.1152,-0.0256,-0.0896,-74.4451,88.45,0,-49,88.1
38.6843,-0.1325,-0.0343,-0.0982,-131.7907,88.2,2259,-99,88.25
36.8922,-0.1525,-0.0434,-0.109,-153.0562,88.1,2331,-102,88.3528
41.1938,-0.1544,-0.0363,-0.1181,-108.5173,88.25,0,-64,88.15
43.9499,-0.146,-0.0223,-0.1237,-51.6333,88.3528,149,-37,88.15
40.0518,-0.1539,-0.0242,-0.1298,-113.0214,88.15,495,-72,88.15
40.0518,-0.1584,-0.0229,-0.1355,-105.3224,88.15,148,-65,88.2
40.0518,-0.1601,-0.0197,-0.1404,-100.0853,88.15,166,-60,88.15
41.5427,-0.1556,-0.0121,-0.1434,-75.9624,88.2,302,-44,88.15
40.4829,-0.1543,-0.0087,-0.1456,-81.0726,88.15,1366,-50,88.3
40.4829,-0.1515,-0.0047,-0.1468,-64.4578,88.15,0,-49,88.3
45.1357,-0.1356,0.0089,-0.1445,-34.4712,88.3,237,-4,88.35
45.1357,-0.1216,0.0183,-0.14,1.7266,88.3,98,1,88.3014
46.6752,-0.1053,0.0277,-0.133,26.3907,88.35,161,23,88.25
45.3724,-0.0952,0.0303,-0.1255,48.5276,88.3014,3041,10,88.4
44.0051,-0.0903,0.0281,-0.1184,4.4553,88.25,246,-9,88.4
48.7497,-0.0734,0.036,-0.1094,74.2361,88.4,440,57,88.6
48.7497,-0.0594,0.04,-0.0994,111.3385,88.4,1200,60,88.6
54.4514,-0.0318,0.0541,-0.0859,185.907,88.6,368,123,88.7
54.4514,-0.0098,0.0609,-0.0707,177.7812,88.6,830,109,88.6
57.0958,0.0155,0.069,-0.0534,202.8588,88.7,0,120,88.6
53.8075,0.0272,0.0645,-0.0373,147.9836,88.6,284,79,88.7037
53.8075,0.0361,0.0587,-0.0226,109.7985,88.6,356,71,88.65
56.6747,0.0509,0.0588,-0.0079,140.3763,88.7037,74,86,88.65
54.82,0.0576,0.0524,0.0052,111.085,88.65,285,65,88.8
54.82,0.0622,0.0456,0.0166,82.3951,88.65,26,59,88.8
58.9754,0.0771,0.0484,0.0287,119.7918,88.8,262,85,88.75
58.9754,0.0953,0.0438,0.0515,109.3527,88.8,728,69,88.75
56.9393,0.0961,0.0357,0.0604,75.1253,88.75,100,52,88.5
56.9393,0.0956,0.0281,0.0674,70.992,88.75,0,49,88.5
47.7972,0.0741,0.0054,0.0688,-30.6021,88.5,1019,-21,88.5
47.7972,0.0565,-0.0098,0.0663,-38.7835,88.5,167,-25,88.45
47.7972,0.042,-0.0194,0.0615,-54.5742,88.5,1138,-29,88.35
46.0716,0.0262,-0.0282,0.0544,-86.5572,88.45,0,-50,88.5
42.8174,0.0056,-0.0391,0.0447,-146.5829,88.35,0,-91,88.5
48.555,0.0013,-0.0347,0.036,-69.5971,88.5,0,-41,88.75
48.555,-0.0021,-0.0304,0.0284,-73.7112,88.5,69,-45,88.6
56.5973,0.0153,-0.0105,0.0258,24.4407,88.75,1365,48,88.8
51.5114,0.0167,-0.0072,0.0239,-15.8615,88.6,195,-8,88.9
56.942,0.0336,0.0077,0.0259,131.3735,88.8,3263,63,88.85
59.3387,0.0544,0.0228,0.0316,130.6828,88.9,41,87,88.85
57.6497,0.0661,0.0276,0.0385,93.8437,88.85,123,63,88.9
57.6497,0.0746,0.0288,0.0457,87.1267,88.85,400,59,88.9
58.9446,0.0843,0.0309,0.0534,99.0794,88.9,848,67,88.95
58.9446,0.091,0.03,0.0609,69.599,88.9,0,61,88.9
60.2897,0.0991,0.0306,0.0686,104.3346,88.95,100,70,88.9
58.2797,0.1004,0.0255,0.0749,72.5423,88.9,221,53,88.95
58.2797,0.1003,0.0203,0.08,87.9299,88.9,1309,51,88.9
59.766,0.103,0.0184,0.0846,80.5855,88.95,0,59,88.8
57.6058,0.1,0.0123,0.0877,63.2823,88.9,44,44,88.9
53.5322,0.0885,0.0007,0.0879,24.1198,88.8,119,16,88.85
56.7515,0.0865,-0.0011,0.0876,38.6761,88.9,330,37,88.85
54.7548,0.0799,-0.0061,0.0861,34.8037,88.85,241,20,88.75
54.7548,0.0739,-0.0097,0.0836,30.5112,88.85,2,16,88.8
50.7947,0.0603,-0.0186,0.079,-7.7517,88.75,303,-24,88.9
52.5992,0.053,-0.0208,0.0738,-22.4087,88.8,1335,-13,88.9
55.9962,0.0546,-0.0153,0.0699,62.7469,88.9,0,31,89.3
55.9962,0.0553,-0.0117,0.067,57.4725,88.9,58,27,89.05
66.6041,0.0871,0.0161,0.071,398.2964,89.3,3284,191,89.2
57.4869,0.0911,0.016,0.075,263.3359,89.05,2100,66,89.25
60.8697,0.1051,0.0241,0.0811,249.9993,89.2,1055,110,89.05
61.9327,0.1189,0.0303,0.0886,204.0614,89.25,1087,107,88.75
55.5765,0.1124,0.019,0.0934,84.0492,89.05,1093,34,88.8
47.8262,0.0821,-0.009,0.0911,-38.5964,88.75,1548,-63,88.8
49.0722,0.0614,-0.0238,0.0852,-80.3461,88.8,0,-44,88.8
49.0722,0.0445,-0.0326,0.077,-89.7273,88.8,195,-41,88.75
49.0722,0.0307,-0.037,0.0678,-69.7616,88.8,0,-39,88.65
47.7424,0.0156,-0.0417,0.0573,-108.4821,88.75,1425,-51,88.75
45.1657,-0.0044,-0.0494,0.045,-119.7739,88.65,140,-72,88.7
48.1134,-0.012,-0.0456,0.0336,-62.6151,88.75,119,-41,88.65
46.7895,-0.0219,-0.0444,0.0225,-75.0463,88.7,436,-52,88.6
45.4726,-0.0333,-0.0447,0.0113,-121.6846,88.65,1255,-60,88.55
44.164,-0.0459,-0.0458,-0.0001,-110.237,88.6,51,-67,88.6
42.8656,-0.0592,-0.0473,-0.0119,-104.9377,88.55,281,-71,88.65
44.5806,-0.065,-0.0424,-0.0225,-91.0174,88.6,0,-56,88.75
46.2783,-0.0648,-0.0338,-0.031,-68.4419,88.65,52,-42,88.85
49.5327,-0.0559,-0.0199,-0.036,-31.4738,88.75,500,-17,88.95
52.5579,-0.0403,-0.0035,-0.0368,3.7822,88.85,100,5,89.0033
55.3738,-0.0197,0.0137,-0.0334,47.0726,88.95,0,37,89.15
56.8122,0.0009,0.0275,-0.0265,76.2989,89.0033,324,52,89.1
60.5004,0.0288,0.0443,-0.0155,125.8607,89.15,1540,93,89
58.7017,0.0463,0.0494,-0.0031,128.9694,89.1,190,90,89
55.2444,0.0515,0.0437,0.0078,125.8858,89,2344,62,89.1
55.2444,0.055,0.0378,0.0173,93.6681,89,20,56,88.9
57.9862,0.0651,0.0383,0.0268,106.805,89.1,736,76,89
51.3619,0.0563,0.0236,0.0327,64.0193,88.9,293,20,89
54.1204,0.0568,0.0192,0.0376,63.8245,89,634,43,88.9
54.1204,0.0565,0.0152,0.0413,58.0105,89,19,40,89.05
50.9205,0.0476,0.005,0.0426,27.8598,88.9,747,10,89.15
55.1113,0.0521,0.0076,0.0445,37.7127,89.05,1871,46,89.15
57.649,0.063,0.0148,0.0482,97.7926,89.15,2585,65,89.3
57.649,0.0709,0.0181,0.0527,127.8901,89.15,2735,59,89.3
61.2866,0.0881,0.0283,0.0598,147.2982,89.3,257,89,89.4018
61.2866,0.1007,0.0327,0.068,182.0528,89.3,3762,83,89.2
63.6353,0.1175,0.0396,0.0779,196.0537,89.4018,682,102,89.05
56.4844,0.1132,0.0282,0.085,87.8494,89.2,1643,43,88.7
51.9196,0.0966,0.0093,0.0873,8.5816,89.05,2657,-9,88.8
43.3204,0.0546,-0.0262,0.0807,-169.2652,88.7,1292,-118,88.75
46.0099,0.029,-0.0414,0.0704,-140.2252,88.8,1064,-79,88.65
44.8888,0.0046,-0.0526,0.0572,-127.0223,88.75,111,-84,88.8
42.6987,-0.0225,-0.0638,0.0413,-176.8715,88.65,30,-95,88.9
46.7973,-0.0315,-0.0582,0.0267,-97.0772,88.8,55,-52,88.75
49.3401,-0.0302,-0.0456,0.0153,-50.4064,88.9,150,-25,88.9
45.8779,-0.0409,-0.045,0.0041,-100.815,88.75,45,-57,88.8
49.6006,-0.0368,-0.0327,-0.0041,-39.356,88.9,0,-19,88.8
47.3167,-0.0411,-0.0296,-0.0115,-60.0395,88.8,775,-41,88.75
47.3167,-0.044,-0.026,-0.018,-66.0174,88.8,0,-38,88.85
46.1396,-0.0498,-0.0255,-0.0244,-71.2705,88.75,9,-46,88.9
48.8199,-0.0458,-0.0172,-0.0286,-35.0448,88.85,198,-23,88.6
50.1262,-0.0382,-0.0076,-0.0305,-37.9568,88.9,7,-10,88.5
43.1676,-0.0557,-0.0201,-0.0356,-98.1515,88.6,4783,-69,88.4
41.1626,-0.0767,-0.0329,-0.0438,-128.0248,88.5,1182,-80,88.45
39.244,-0.1003,-0.0452,-0.0551,-160.1793,88.4,299,-91,88.55
40.6987,-0.1137,-0.0469,-0.0668,-158.559,88.45,416,-75,88.4
43.5448,-0.1149,-0.0384,-0.0764,-128.3244,88.55,681,-53,88.45
40.4775,-0.1264,-0.04,-0.0864,-137.9307,88.4,0,-89,88.45
41.9131,-0.1301,-0.0349,-0.0952,-113.5006,88.45,99,-69,88.45
41.9131,-0.1315,-0.0291,-0.1024,-99.1717,88.45,30,-63,88.45
41.9131,-0.1311,-0.0229,-0.1081,-88.5479,88.45,100,-57,88.6
41.9131,-0.1292,-0.0169,-0.1124,-86.0217,88.45,750,-51,88.6
46.6523,-0.1144,-0.0016,-0.1128,-29.8853,88.6,390,-10,88.45
46.6523,-0.1014,0.0091,-0.1105,-13.3407,88.6,402,-7,88.5
42.7845,-0.1021,0.0067,-0.1088,-42.6788,88.45,1671,-44,88.45
44.4019,-0.0975,0.0091,-0.1065,-46.016,88.5,5,-27,88.4
43.1188,-0.0967,0.0079,-0.1046,-57.1434,88.45,6,-38,88.2
41.8461,-0.099,0.0045,-0.1035,-70.7415,88.4,1028,-49,88.2
37.2199,-0.1156,-0.0097,-0.1059,-157.8817,88.2,921,-100,88.3
37.2199,-0.1273,-0.0172,-0.1102,-153.2752,88.2,270,-88,88.35
40.8433,-0.1271,-0.0135,-0.1136,-143.3796,88.3,781,-55,88.25
42.587,-0.1214,-0.0063,-0.1151,-122.1718,88.35,0,-39,88.25
40.0985,-0.1236,-0.0068,-0.1168,-156.2721,88.25,0,-76,88.35
40.0985,-0.1239,-0.0057,-0.1183,-117.6079,88.25,17,-68,88.3
43.7411,-0.1148,0.0028,-0.1176,-58.132,88.35,120,-23,88.4
42.3847,-0.1103,0.0058,-0.1161,-51.9694,88.3,1377,-41,88.4
45.9158,-0.0975,0.0149,-0.1124,-0.6221,88.4,0,4,87.55
45.9158,-0.0864,0.0208,-0.1072,-11.2987,88.4,74,4,88.0037
29.1115,-0.1445,-0.0299,-0.1147,-300.92,87.55,15205,-185,87.8028
41.202,-0.1522,-0.0301,-0.1222,-209.501,88.0037,1572,-70,87.75
38.1677,-0.1726,-0.0403,-0.1322,-186.0386,87.8028,3013,-97,88
37.4057,-0.1907,-0.0468,-0.1439,-213.4279,87.75,210,-92,87.7517
43.071,-0.1828,-0.0311,-0.1517,-121.9872,88,1641,-42,88.0033
39.3477,-0.1944,-0.0341,-0.1603,-111.9393,87.7517,2943,-79,87.7
44.468,-0.1811,-0.0167,-0.1644,-76.3076,88.0033,1364,-29,87.75
40.1653,-0.1929,-0.0228,-0.1701,-122.6838,87.7,0,-77,87.7
41.1534,-0.1959,-0.0206,-0.1753,-75.685,87.75,2195,-61,87.8037
40.4503,-0.2001,-0.0198,-0.1802,-101.0973,87.7,1022,-63,87.6
42.5916,-0.1927,-0.01,-0.1827,-60.8618,87.8037,319,-40,87.8
39.644,-0.2011,-0.0147,-0.1864,-95.1879,87.6,49,-69,87.7023
43.6729,-0.1893,-0.0023,-0.187,-67.4089,87.8,211,-30,87.5
42.2236,-0.1858,0.001,-0.1867,-66.2468,87.7023,4496,-43,87.5033
39.3756,-0.197,-0.0082,-0.1888,-114.708,87.5,1796,-71,87.8532
39.4457,-0.2033,-0.0116,-0.1917,-129.0395,87.5033,1073,-64,87.7
46.3703,-0.178,0.011,-0.189,-21.8579,87.8532,6933,1,87.8528
44.0487,-0.1684,0.0165,-0.1848,-37.932,87.7,690,-23,87.95
46.8428,-0.1467,0.0305,-0.1772,56.1441,87.8528,1938,16,88.0035
48.5627,-0.1203,0.0455,-0.1658,69.6572,87.95,2137,61,88
49.5093,-0.094,0.0575,-0.1515,121.0538,88.0035,1291,72,87.75
49.4467,-0.0726,0.0631,-0.1357,122.0616,88,1607,71,88.0017
45.1502,-0.075,0.0486,-0.1236,29.0701,87.75,7200,-11,87.9
49.7752,-0.0559,0.0542,-0.11,103.7776,88.0017,1247,65,88
48.0519,-0.0484,0.0493,-0.0977,62.0844,87.9,16167,35,87.95
49.849,-0.034,0.051,-0.085,96.1119,88,6248,61,88
48.9576,-0.0263,0.0469,-0.0732,93.0845,87.95,5353,47,88
49.9007,-0.016,0.0458,-0.0618,85.4292,88,1197,57,88
49.9007,-0.0078,0.0432,-0.051,85.7211,88,1797,52,87.75
49.9724,-0.0009,0.04,-0.041,98.5281,88,3374,47,87.8
45.0568,-0.0158,0.0202,-0.0359,-8.5612,87.75,1533,-27,87.75
46.1564,-0.0232,0.0101,-0.0334,6.9334,87.8,398199,-16,87.5528
45.2041,-0.0328,0.0005,-0.0333,-66.8246,87.75,1200,-31,87.3
41.6375,-0.0557,-0.0179,-0.0378,-177.6321,87.5528,3647,-85,87.5
37.6311,-0.0931,-0.0443,-0.0488,-222.9329,87.3,231,-137,87.7028
42.258,-0.1054,-0.0453,-0.0602,-151.0366,87.5,2110,-85,87.45
46.4949,-0.0977,-0.0301,-0.0677,-85.3798,87.7028,3334,-30,88
42.4114,-0.1107,-0.0344,-0.0763,-126.8279,87.45,1627,-86,88.1
52.0547,-0.0758,0.0004,-0.0762,-14.8994,88,3858,42,87.9
53.5436,-0.0395,0.0293,-0.0689,125.674,88.1,1670,62,88.0014
50.258,-0.0267,0.0337,-0.0604,56.8966,87.9,1331,18,89.2029
51.8353,-0.0082,0.0418,-0.05,64.2652,88.0014,3991,41,88
65.486,0.1022,0.1218,-0.0195,364.4199,89.2029,16875,176,87.8535
50.425,0.0916,0.0889,0.0027,132.3821,88,12898,14,88
48.9808,0.0706,0.0543,0.0163,3.6591,87.8535,5896,-5,87.9
50.4739,0.065,0.039,0.026,2.29,88,523,14,87.9
49.4345,0.0519,0.0207,0.0312,7.7084,87.9,1741,1,87.9
49.4345,0.041,0.0079,0.0332,8.2543,87.9,720,2,87.9
49.4345,0.032,-0.0009,0.0329,9.0869,87.9,2603,2,87.95
49.4345,0.0246,-0.0066,0.0313,0.9805,87.9,145,3,87.8537
50.0657,0.0225,-0.007,0.0295,-0.0457,87.95,294,9,87.8
48.8298,0.013,-0.0132,0.0262,-8.1854,87.8537,1061,-4,87.8
48.1324,0.001,-0.0201,0.0212,-17.7398,87.8,290,-12,88
48.1324,-0.0083,-0.0236,0.0153,-40.8387,87.8,135,-14,88
51.0194,0.0004,-0.0119,0.0123,1.2701,88,13518,9,87.9517
51.0194,0.0072,-0.0041,0.0113,12.2404,88,1134,6,88
50.2707,0.0086,-0.0021,0.0107,-2.1654,87.9517,1571,-3,87.85
51.0272,0.0135,0.0022,0.0113,-10.7113,88,2467,0,87.9
48.6097,0.0052,-0.0049,0.0101,-50.4332,87.85,2617,-24,87.9
49.45,0.0026,-0.006,0.0086,-33.4091,87.9,2516,-14,88
49.45,0.0005,-0.0064,0.007,-32.5389,87.9,5983,-14,87.65
51.2177,0.0069,-0.0001,0.0069,-1.2702,88,147,2,87.65
45.3722,-0.0161,-0.0185,0.0023,-177.5966,87.65,2861,-145,87.4
45.3722,-0.034,-0.029,-0.0049,-247.4972,87.65,2237,-117,87.8
41.6134,-0.0675,-0.0501,-0.0174,-305.6944,87.4,3751,-158,87.7
48.7625,-0.0611,-0.0349,-0.0262,-117.1444,87.8,4030,-19,87.7
47.2402,-0.0634,-0.0298,-0.0336,-80.3953,87.7,1254,-49,87.7
47.2402,-0.0644,-0.0246,-0.0398,-126.3694,87.7,148,-45,87.7037
47.2402,-0.0645,-0.0198,-0.0447,-83.3352,87.7,100,-41,87.75
47.3113,-0.0636,-0.0151,-0.0485,-61.7309,87.7037,1508,-36,87.7028
48.2287,-0.0584,-0.0079,-0.0505,-76.3533,87.75,0,-18,87.75
47.3441,-0.0574,-0.0056,-0.0519,-40.0492,87.7028,724,-31,87.75
48.3415,-0.0523,-0.0003,-0.0519,-41.0347,87.75,1574,-14,87.6
48.3415,-0.0476,0.0035,-0.0511,-38.3637,87.75,91,-14,87.55
45.3187,-0.0554,-0.0035,-0.0519,-77.5626,87.6,2654,-57,87.5
44.3458,-0.0649,-0.0103,-0.0545,-128.6139,87.55,1948,-67,87.5
43.3657,-0.0755,-0.0168,-0.0587,-143.3457,87.5,818,-75,87.65
43.3657,-0.083,-0.0194,-0.0636,-144.2981,87.5,330,-70,87.5
47.2415,-0.076,-0.0099,-0.0661,-39.986,87.65,0,-15,87.35
44.0671,-0.0816,-0.0124,-0.0692,-129.6383,87.5,326,-62,87.35
41.156,-0.097,-0.0222,-0.0747,-172.9644,87.35,1316,-101,87.35
41.156,-0.1079,-0.0266,-0.0814,-183.2693,87.35,172,-97,87.35
41.156,-0.1153,-0.0271,-0.0882,-144.9069,87.35,1591,-85,87.35
41.156,-0.1198,-0.0253,-0.0945,-109.5716,87.35,612,-75,87.35
41.156,-0.1219,-0.0219,-0.1,-121.5253,87.35,1233,-72,87.35
41.156,-0.1222,-0.0178,-0.1044,-100.8056,87.35,245,-66,87.35
41.156,-0.121,-0.0133,-0.1077,-91.2784,87.35,245,-59,87.45
41.156,-0.1187,-0.0088,-0.1099,-82.5628,87.35,660,-53,87.45
44.819,-0.1076,0.0019,-0.1094,-31.541,87.45,0,-19,87.5
44.819,-0.0976,0.0095,-0.1071,-26.7819,87.45,86,-15,87.5
46.6587,-0.0847,0.0179,-0.1026,5.0204,87.5,19,5,87.4
46.6587,-0.0736,0.0232,-0.0968,3.2257,87.5,178,9,87.2
43.4488,-0.0721,0.0198,-0.0919,-55.208,87.4,1462,-25,87
37.9519,-0.086,0.0047,-0.0907,-119.232,87.2,1691,-109,87.1035
33.4919,-0.1119,-0.017,-0.0949,-219.7383,87,2495,-149,87
37.4934,-0.1227,-0.0222,-0.1005,-245.7559,87.1035,2134,-95,87
35.2603,-0.138,-0.03,-0.108,-208.9147,87,448,-108,87.1
35.2603,-0.1484,-0.0323,-0.1161,-171.7803,87,1959,-92,87.1
39.1408,-0.1468,-0.0246,-0.1222,-128.6821,87.1,328,-60,87.25
39.1408,-0.144,-0.0174,-0.1266,-89.0911,87.1,102,-54,87.3
44.6546,-0.1281,-0.0012,-0.1269,-13.9776,87.25,175,-7,87.4
46.3599,-0.1103,0.0133,-0.1236,-11.9958,87.3,169,8,87.15
49.6272,-0.087,0.0292,-0.1163,58.886,87.4,0,37,86.9
42.7712,-0.0878,0.0228,-0.1106,-51.6459,87.15,328,-34,86.95
37.3411,-0.1073,0.0026,-0.1099,-116.2274,86.9,1212,-93,86.85
38.9721,-0.1174,-0.006,-0.1114,-113.2589,86.95,638,-71,87.1035
36.9472,-0.1319,-0.0164,-0.1155,-117.0657,86.85,549,-84,87.2
44.6247,-0.1216,-0.0049,-0.1167,-69.2655,87.1035,2834,-20,86.9
47.2007,-0.1044,0.0098,-0.1143,22.6602,87.2,940,6,86.8023
40.9645,-0.1137,0.0004,-0.1142,-60.6042,86.9,1093,-63,86.7
39.1895,-0.1275,-0.0107,-0.1168,-116.2441,86.8023,1449,-81,86.75
37.4031,-0.145,-0.0225,-0.1225,-156.5998,86.7,1043,-99,86.8
38.8375,-0.1531,-0.0245,-0.1286,-153.9094,86.75,227,-79,86.7
40.2781,-0.1536,-0.0201,-0.1336,-120.3843,86.8,75,-58,86.9
38.3752,-0.1603,-0.0214,-0.1389,-150.7917,86.7,950,-76,86.9
43.9497,-0.1478,-0.0071,-0.1407,-83.6066,86.9,357,-23,86.8
43.9497,-0.1363,0.0035,-0.1398,-42.1384,86.9,91,-22,86.75
41.8523,-0.1337,0.0049,-0.1386,-77.3134,86.8,273,-43,86.9
40.8268,-0.1341,0.0036,-0.1377,-82.1855,86.75,0,-50,86.9
45.2145,-0.1154,0.0164,-0.1318,-31.1489,86.9,287,-7,87
45.2145,-0.1035,0.0226,-0.1262,-9.8334,86.9,0,-2,87
48.1051,-0.0851,0.0329,-0.118,44.3727,87,232,41,86.9
48.1051,-0.0696,0.0387,-0.1083,76.641,87,0,47,86.75
45.4481,-0.0647,0.0349,-0.0996,10.4202,86.9,1403,7,86.75
41.8024,-0.0721,0.022,-0.0941,-88.9214,86.75,0,-47,86.85
41.8024,-0.077,0.0136,-0.0907,-80.1253,86.75,520,-44,86.55
45.0579,-0.0721,0.0149,-0.0869,-7.5478,86.85,0,-1,86.55
38.2934,-0.0913,-0.0035,-0.0878,-175.6247,86.55,1364,-126,86.6035
38.2934,-0.1053,-0.014,-0.0913,-208.7959,86.55,145,-105,86.5
40.0712,-0.1108,-0.0156,-0.0952,-119.8295,86.6035,1146,-74,86.5
37.8504,-0.1221,-0.0215,-0.1006,-158.9858,86.5,1763,-99,86.5
37.8504,-0.1296,-0.0232,-0.1064,-161.796,86.5,0,-87,86.6517
37.8504,-0.134,-0.0221,-0.1119,-121.6147,86.5,94,-77,86.65
43.229,-0.1238,-0.0095,-0.1143,-57.7234,86.6517,730,-30,86.7
43.1849,-0.1145,-0.0002,-0.1143,-50.0778,86.65,0,-27,86.8
44.9237,-0.1019,0.0099,-0.1118,-19.6972,86.7,2,-9,86.85
48.258,-0.083,0.0231,-0.1061,33.8401,86.8,347,21,86.95
49.8554,-0.0632,0.0343,-0.0975,56.6678,86.85,0,35,86.8028
52.916,-0.039,0.0468,-0.0858,92.1988,86.95,183,61,86.6
48.344,-0.0313,0.0436,-0.0749,39.7138,86.8028,249,19,86.7
42.9608,-0.0411,0.027,-0.0681,-34.8252,86.6,1446,-37,86.8
46.0773,-0.0404,0.0222,-0.0626,-11.6563,86.7,36,-2,86.95
49.0102,-0.0313,0.025,-0.0563,56.1203,86.8,0,37,86.8
53.0424,-0.0119,0.0355,-0.0474,144.8643,86.95,0,88,86.8
48.9664,-0.0086,0.0311,-0.0397,76.8097,86.8,418,34,86.8
48.9664,-0.0058,0.0271,-0.0329,45.1753,86.8,0,33,86.8
48.9664,-0.0036,0.0234,-0.027,47.7143,86.8,207,34,86.8017
48.9664,-0.0018,0.0202,-0.022,42.7409,86.8,98,30,86.8
49.0208,-0.0003,0.0174,-0.0177,25.5833,86.8017,1495,27,86.8
48.9658,0.0008,0.0148,-0.014,34.6217,86.8,1,23,86.9
48.9658,0.0016,0.0125,-0.0108,29.6611,86.8,603,19,86.9
52.4468,0.0102,0.0169,-0.0066,153.0939,86.9,1175,58,86.75
52.4468,0.0169,0.0188,-0.0019,98.8913,86.9,51,57,86.75
47.1064,0.0099,0.0095,0.0004,-9.2422,86.75,218,-27,86.7
47.1064,0.0043,0.0031,0.0012,-73.051,86.75,0,-32,86.6
45.3989,-0.0041,-0.0042,0.0002,-130.5548,86.7,37,-63,86.65
42.1804,-0.0186,-0.015,-0.0036,-149.2064,86.6,268,-104,86.8
44.2604,-0.0257,-0.0177,-0.008,-147.1665,86.65,579,-68,86.6
49.9462,-0.0191,-0.0089,-0.0102,10.5766,86.8,3,13,86.65
43.691,-0.0296,-0.0155,-0.0141,-165.8371,86.6,140,-85,86.8
45.4877,-0.0336,-0.0156,-0.018,-104.0618,86.65,80,-63,86.65
50.4773,-0.0243,-0.005,-0.0193,31.1978,86.8,1614,14,86.85
46.0412,-0.0287,-0.0076,-0.0211,-111.9932,86.65,0,-60,86.85
51.9658,-0.0159,0.0042,-0.0201,13.6884,86.85,531,51,87
51.9658,-0.0057,0.0115,-0.0172,77.2281,86.85,1048,48,87
55.9823,0.0144,0.0253,-0.0109,153.8448,87,61,110,86.9
55.9823,0.0299,0.0326,-0.0027,203.6102,87,2379,95,86.85
52.7256,0.0338,0.0292,0.0046,89.5553,86.9,0,47,86.85
51.1592,0.0324,0.0223,0.0101,48.5602,86.85,822,25,86.85
51.1592,0.031,0.0167,0.0143,44.5211,86.85,221,24,86.8
51.1592,0.0295,0.0122,0.0173,40.896,86.85,2485,23,86.4
49.446,0.024,0.0053,0.0187,1.827,86.8,0,4,86.3523
38.5689,-0.0125,-0.0249,0.0124,-169.9122,86.4,9929,-128,86.4017
37.5325,-0.0447,-0.0457,0.001,-213.334,86.3523,1303,-117,86.3
39.3103,-0.0655,-0.0532,-0.0123,-176.7769,86.4017,5774,-88,86.3
37.0268,-0.0892,-0.0615,-0.0277,-163.9637,86.3,3057,-98,86.3
37.0268,-0.1067,-0.0632,-0.0435,-140.0384,86.3,0,-87,86.4
37.0268,-0.1192,-0.0606,-0.0586,-121.5172,86.3,256,-78,86.25
40.9601,-0.1197,-0.0489,-0.0708,-88.8072,86.4,799,-52,86.5028
37.2831,-0.1307,-0.0479,-0.0828,-104.9897,86.25,244,-74,86.4
45.8989,-0.1176,-0.0278,-0.0898,-38.6319,86.5028,10842,-24,86.4
43.3498,-0.1142,-0.0196,-0.0947,-48.0535,86.4,1133,-39,86.15
43.3498,-0.1103,-0.0125,-0.0978,-64.8643,86.4,55,-37,86.3
37.7069,-0.1259,-0.0225,-0.1034,-98.3288,86.15,1037,-74,86.3
42.4392,-0.1247,-0.017,-0.1077,-63.7281,86.3,12,-42,86.2
42.4392,-0.1224,-0.0118,-0.1106,-60.0438,86.3,18,-38,86.2
40.1841,-0.1271,-0.0132,-0.1139,-86.2985,86.2,151,-54,86.2
40.1841,-0.1294,-0.0124,-0.117,-78.5313,86.2,1026,-50,86.2
40.1841,-0.1297,-0.0101,-0.1195,-83.1633,86.2,57,-47,86.2
40.1841,-0.1284,-0.0071,-0.1213,-85.2792,86.2,341,-44,86.3
40.1841,-0.126,-0.0037,-0.1222,-86.69,86.2,180,-44,86.3
44.0279,-0.1147,0.0061,-0.1207,-34.8758,86.3,0,-1,86.3
44.0279,-0.1045,0.013,-0.1175,6.4797,86.3,803,1,86.4
44.0279,-0.0953,0.0177,-0.1131,9.8852,86.3,418,2,86.4
47.9303,-0.0791,0.0272,-0.1063,114.5459,86.4,0,59,86.5
47.9303,-0.0655,0.0326,-0.0981,102.5109,86.4,20,54,86.45
51.6643,-0.0461,0.0416,-0.0877,162.9332,86.5,890,93,86.45
49.7851,-0.0343,0.0427,-0.077,114.114,86.45,3621,62,86.5
49.7851,-0.0247,0.0418,-0.0666,103.2049,86.45,45,60,86.45
51.7305,-0.013,0.0429,-0.0558,110.0971,86.5,424,73,86.45
49.7036,-0.0076,0.0386,-0.0462,89.9921,86.45,253,54,86.5
49.7036,-0.0033,0.0343,-0.0376,87.53,86.45,525,52,86.45
51.7963,0.0041,0.0334,-0.0293,87.7596,86.5,10,69,86.45
49.6229,0.0059,0.0281,-0.0222,69.7909,86.45,5912,43,86.35
49.6229,0.0072,0.0236,-0.0163,54.0528,86.45,235,40,86.3
45.4014,0.0002,0.0132,-0.013,0.5328,86.35,52,-5,86.3
43.4559,-0.0093,0.003,-0.0123,-26.9397,86.3,367,-31,86.3
43.4559,-0.0166,-0.0035,-0.0132,-44.3622,86.3,125,-36,86.2
43.4559,-0.0222,-0.0072,-0.015,-64.0137,86.3,41,-41,86.2
39.5062,-0.0343,-0.0155,-0.0188,-119.5926,86.2,538,-94,86.2
39.5062,-0.0434,-0.0196,-0.0237,-146.0233,86.2,13,-94,86.2
39.5062,-0.05,-0.021,-0.029,-137.3886,86.2,11,-85,86.3
39.5062,-0.0546,-0.0205,-0.0341,-125.7083,86.2,401,-78,86.3
45.579,-0.0496,-0.0124,-0.0372,-64.8953,86.3,251,-31,86.4
45.579,-0.0451,-0.0063,-0.0388,-48.2739,86.3,0,-29,86.4
51.026,-0.0331,0.0045,-0.0377,9.8559,86.4,1281,17,86.35
51.026,-0.0234,0.0114,-0.0348,26.2292,86.4,174,20,86.5
48.345,-0.0194,0.0123,-0.0317,29.6434,86.35,201,-1,86.5
55.6958,-0.0041,0.0221,-0.0262,102.3266,86.5,0,70,86.5
55.6958,0.0079,0.0273,-0.0194,102.3266,86.5,115,70,86.5
55.6958,0.0172,0.0293,-0.0121,99.4213,86.5,45,66,86.45
55.6958,0.0243,0.0291,-0.0048,96.6102,86.5,84,64,86.5
52.6305,0.0256,0.0243,0.0013,62.8223,86.45,107,43,86.5028
55.2245,0.0303,0.0232,0.0071,75.0237,86.5,93,64,86.9
55.3685,0.0339,0.0214,0.0124,109.9248,86.5028,61,62,86.7
69.8523,0.068,0.0444,0.0236,223.7845,86.9,1496,157,86.8
59.6006,0.078,0.0435,0.0344,170.8965,86.7,18,83,86.8
62.4975,0.0929,0.0468,0.0461,172.7405,86.8,92,95,86.7
62.4975,0.1035,0.0459,0.0576,150.4132,86.8,2,83,86.7
57.8973,0.1027,0.0361,0.0666,109.0166,86.7,57,53,86.8
57.8973,0.1009,0.0274,0.0735,85.3185,86.7,66,48,86.8
61.0722,0.1063,0.0262,0.08,111.3722,86.8,162,67,86.6
61.0722,0.1093,0.0234,0.0859,97.2475,86.8,14,62,86.75
52.3281,0.0944,0.0069,0.0876,7.6838,86.6,120,4,86.85
57.1693,0.0937,0.0049,0.0888,53.1614,86.75,0,43,86.6
60.0186,0.1,0.009,0.0911,103.9663,86.85,281,67,86.85
51.0769,0.0839,-0.0057,0.0896,-18.5588,86.6,926,-12,86.55
57.7091,0.0903,0.0005,0.0898,82.696,86.85,53,63,86.55
49.2719,0.0703,-0.0156,0.0859,-34.196,86.55,1134,-41,86.5
49.2719,0.0539,-0.0256,0.0795,-64.2003,86.55,0,-42,86.5535
47.9765,0.0364,-0.0345,0.0708,-92.0307,86.5,141,-60,86.3
49.4727,0.0265,-0.0355,0.062,-63.8633,86.5535,457,-43,86.5
43.2665,-0.0017,-0.051,0.0492,-178.1844,86.3,1474,-119,86.5
48.6193,-0.0079,-0.0457,0.0378,-98.13,86.5,0,-53,86.5
48.6193,-0.0126,-0.0403,0.0277,-87.4556,86.5,84,-53,86.45
48.6193,-0.0162,-0.0351,0.0189,-78.4369,86.5,104,-49,86.5
47.3175,-0.0228,-0.0334,0.0106,-94.1547,86.45,194,-59,86.4
48.7617,-0.0237,-0.0274,0.0037,-63.1816,86.5,173,-39,86.25
46.1013,-0.0321,-0.0287,-0.0034,-100.8175,86.4,19,-65,86.4
42.4447,-0.0503,-0.0375,-0.0128,-145.6492,86.25,141,-97,86.4
46.8797,-0.0521,-0.0314,-0.0207,-93.426,86.4,365,-47,86.25
46.8797,-0.0528,-0.0257,-0.0271,-79.0568,86.4,0,-43,86.2
43.1919,-0.0648,-0.0301,-0.0346,-126.5835,86.25,84,-80,86.35
42.0317,-0.0774,-0.0342,-0.0432,-156.069,86.2,61,-83,86.25
46.5643,-0.0744,-0.025,-0.0494,-74.0749,86.35,2,-36,86.55
44.1422,-0.0792,-0.0238,-0.0554,-121.0538,86.25,1383,-64,86.45
52.023,-0.0582,-0.0022,-0.0559,24.6565,86.55,98,37,86.6
49.569,-0.049,0.0056,-0.0545,29.6254,86.45,544,13,86.65
53.0646,-0.0292,0.0202,-0.0495,129.1792,86.6,200,75,86.7
54.1791,-0.0095,0.032,-0.0415,154.9706,86.65,0,89,86.85
55.2963,0.0101,0.0413,-0.0312,158.2284,86.7,688,95,87.0028
58.4924,0.0373,0.0548,-0.0175,226.8581,86.85,247,122,86.8
61.4479,0.0704,0.0703,0.0001,251.3164,87.0028,7995,130,86.6
55.8884,0.0793,0.0634,0.0159,148.6396,86.8,351,71,86.75
51.0897,0.0695,0.0428,0.0267,52.6409,86.6,161,21,86.75
54.1946,0.0729,0.037,0.0359,58.8914,86.75,350,53,86.6
54.1946,0.0748,0.0311,0.0437,74.4252,86.75,798,48,86.85
50.6331,0.0634,0.0158,0.0476,40.9414,86.6,59,13,86.95
55.7363,0.0738,0.0209,0.0529,93.979,86.85,0,62,86.9
57.5826,0.089,0.0289,0.0601,112.193,86.95,527,75,86.65
56.3457,0.0959,0.0287,0.0672,92.7239,86.9,22,58,86.6
50.6224,0.0803,0.0104,0.0699,3.529,86.65,90,3,86.8
49.5624,0.0632,-0.0054,0.0685,-22.5543,86.6,130,-12,87
53.6486,0.065,-0.0028,0.0678,51.957,86.8,225,31,87.0036
57.2906,0.0816,0.011,0.0706,125.3961,87,1699,77,86.95
57.3541,0.094,0.0187,0.0753,118.2758,87.0036,1564,77,86.7
56.0482,0.0984,0.0185,0.0799,61.0326,86.95,1137,55,86.95
50.4129,0.0807,0.0007,0.08,-30.3568,86.7,566,-29,86.85
55.1587,0.0859,0.0047,0.0812,79.7482,86.95,199,52,86.75
53.0221,0.081,-0.0002,0.0812,46.7156,86.85,175,13,86.7
50.9448,0.0683,-0.0103,0.0786,-43.1625,86.75,546,-24,86.75
49.9155,0.0536,-0.02,0.0736,-30.3615,86.7,737,-39,86.65
50.9585,0.0454,-0.0226,0.068,-34.8482,86.75,0,-17,86.75
48.8184,0.0305,-0.03,0.0605,-88.4151,86.65,22,-51,86.9
50.9852,0.0265,-0.0272,0.0537,-11.5422,86.75,1288,-17,87.2014
54.0565,0.035,-0.015,0.0499,56.8321,86.9,0,37,87.2
59.4329,0.0653,0.0123,0.053,157.7936,87.2014,4685,122,87.1
59.3988,0.0881,0.0281,0.06,200.9706,87.2,2324,104,87.2
56.9502,0.0971,0.0297,0.0674,113.3861,87.1,0,66,87.4
58.7406,0.111,0.0348,0.0761,123.7859,87.2,1565,85,87.45
62.0623,0.1365,0.0483,0.0882,184.3446,87.4,1275,112,87.4
62.8493,0.159,0.0566,0.1024,181.49,87.45,172,104,87.4
61.5062,0.1708,0.0547,0.1161,142.2779,87.4,477,84,87.35
61.5062,0.1781,0.0496,0.1285,132.149,87.4,1583,74,87.5
60.0833,0.1778,0.0395,0.1383,117.3971,87.35,2251,59,87.65
62.8008,0.1875,0.0393,0.1482,110.3589,87.5,343,77,87.7
65.2882,0.2049,0.0454,0.1595,131.424,87.65,443,88,87.75
66.0839,0.2202,0.0486,0.1717,116.8214,87.7,551,85,87.6
66.8831,0.2337,0.0496,0.1841,116.4849,87.75,13,81,87.6
62.2511,0.2296,0.0365,0.1932,95.032,87.6,244,54,87.75
62.2511,0.2238,0.0245,0.1993,80.6093,87.6,542,49,87.6
64.9414,0.2287,0.0235,0.2052,103.3873,87.75,223,65,87.6
60.4095,0.2179,0.0102,0.2077,75.8006,87.6,1694,38,87.6
60.4095,0.207,-0.0006,0.2076,59.3438,87.6,1545,36,87.6
60.4095,0.1961,-0.0092,0.2053,55.0618,87.6,0,33,87.7
60.4095,0.1853,-0.016,0.2013,67.3043,87.6,0,30,87.45
62.5486,0.1828,-0.0148,0.1976,67.8636,87.7,982,52,87.35
54.7621,0.1587,-0.0311,0.1898,11.2715,87.45,2028,-20,87.25
52.0347,0.1301,-0.0478,0.1779,-117.7785,87.35,1246,-61,87.25
49.4426,0.0982,-0.0637,0.1619,-132.8511,87.25,1606,-100,87.4
49.4426,0.0721,-0.0719,0.144,-180.0005,87.25,492,-90,87.45
53.3085,0.0628,-0.065,0.1277,-70.3117,87.4,89,-40,87.5
54.5283,0.0588,-0.0552,0.1139,-46.6679,87.45,1269,-25,87.5
55.7456,0.0589,-0.044,0.1029,-30.9654,87.5,870,-10,87.6014
55.7456,0.0584,-0.0356,0.094,-6.1726,87.5,60,-13,87.6
58.2564,0.0654,-0.0229,0.0883,29.5265,87.6014,21,19,87.65
58.2084,0.07,-0.0146,0.0846,30.2199,87.6,190,20,87.75
59.464,0.0768,-0.0062,0.0831,49.7367,87.65,1071,38,87.7
61.8752,0.0893,0.005,0.0843,114.7254,87.75,0,74,87.6
59.9967,0.094,0.0078,0.0863,83.0396,87.7,200,53,87.6
56.3927,0.0887,0.0019,0.0867,44.5572,87.6,985,18,87.5
56.3927,0.0835,-0.0026,0.0861,31.5187,87.6,0,22,87.7
52.8734,0.0705,-0.0125,0.083,-32.659,87.5,1343,-11,87.5
58.346,0.0755,-0.006,0.0815,45.6761,87.7,1611,57,87.45
51.9908,0.0626,-0.0151,0.0777,-29.4295,87.5,308,-11,87.45
50.5419,0.0477,-0.024,0.0717,-25.0825,87.45,215,-26,87.45
50.5419,0.0356,-0.0289,0.0645,-39.8069,87.45,550,-23,87.5
50.5419,0.0256,-0.0311,0.0567,-36.3956,87.45,275,-23,87.55
52.0989,0.0216,-0.0281,0.0497,-32.8008,87.5,2487,-7,87.55
53.6353,0.0221,-0.0221,0.0442,4.1681,87.55,2070,6,87.5
53.6353,0.0223,-0.0175,0.0398,30.6233,87.55,178,0,87.65
51.7945,0.0182,-0.0173,0.0355,-3.851,87.5,2029,-30,87.5
56.5078,0.0267,-0.007,0.0337,36.4359,87.65,0,48,87.5
51.2347,0.0211,-0.0101,0.0312,-60.245,87.5,1000,-36,87.5
51.2347,0.0165,-0.0117,0.0283,-57.261,87.5,182,-36,87.6
51.2347,0.0127,-0.0124,0.0252,-52.1193,87.5,809,-33,87.6517
54.5337,0.0176,-0.0061,0.0236,11.9757,87.6,1171,22,87.5
56.1482,0.0253,0.0013,0.024,86.9284,87.6517,7517,51,87.6
50.5987,0.019,-0.004,0.023,5.7654,87.5,2198,-30,87.7
53.7692,0.0218,-0.001,0.0227,35.7523,87.6,230,40,87.75
56.6948,0.0317,0.0072,0.0245,154.236,87.7,1258,97,87.7537
58.0907,0.0431,0.0149,0.0282,202.5655,87.75,649,109,87.55
58.1957,0.0518,0.0189,0.0329,176.2066,87.7537,1522,94,87.55
50.8199,0.0418,0.0071,0.0347,40.8284,87.55,2324,-5,87.25
50.8199,0.0335,-0.001,0.0345,51.3206,87.55,602,-6,87.2
42.1102,0.0027,-0.0254,0.0281,-189.064,87.25,6466,-134,87.3533
40.881,-0.0255,-0.0429,0.0174,-256.4926,87.2,557,-125,87.05
45.9708,-0.035,-0.0419,0.0069,-145.8762,87.3533,4485,-65,87.4
38.9816,-0.0663,-0.0586,-0.0077,-244.0917,87.05,1480,-131,87.3
